,movie_id,rating
2317,3233,5.0
2767,3656,5.0
2475,3382,5.0
2715,3607,5.0
807,1830,5.0
3013,3881,5.0
2256,3172,5.0
3695,989,5.0
2366,3280,5.0
3492,787,5.0
2329,3245,4.8
3236,53,4.75
1538,2503,4.666666666666667
1969,2905,4.608695652173913
1015,2019,4.560509554140127
2264,318,4.554557700942973
3558,858,4.524966261808367
3452,745,4.52054794520548
3204,50,4.517106001121705
3233,527,4.510416666666667
147,1148,4.507936507936508
1324,2309,4.5
1513,2480,4.5
776,1795,4.5
3020,3888,4.5
2622,3517,4.5
3266,557,4.5
3289,578,4.5
3136,439,4.5
3624,922,4.491489361702127
193,1198,4.477724741447892
3605,904,4.476190476190476
173,1178,4.473913043478261
1640,260,4.453694416583082
210,1212,4.452083333333333
3458,750,4.4498902706656915
2429,3338,4.444444444444445
3431,720,4.426940639269406
204,1207,4.425646551724138
2532,3435,4.415607985480944
3613,912,4.412822049131217
3384,670,4.410714285714286
1814,2762,4.406262708418057
2102,3030,4.404651162790698
3381,668,4.404255319148936
201,1204,4.401925391095066
1996,2930,4.4
3614,913,4.395973154362416
189,1193,4.390724637681159
3625,923,4.388888888888889
2396,3307,4.387453874538745
250,1250,4.386993603411514
3609,908,4.38403041825095
263,1262,4.376436781609195
2094,3022,4.368932038834951
222,1223,4.361522198731501
220,1221,4.357565011820331
2164,3089,4.357142857142857
431,1423,4.357142857142857
3306,593,4.3518231186966645
2345,326,4.344262295081967
2215,3134,4.33939393939394
252,1252,4.339240506329114
1025,2028,4.337353938937053
2525,3429,4.335766423357664
139,1136,4.335209505941213
282,128,4.333333333333333
2506,3410,4.333333333333333
268,1267,4.333333333333333
1340,2324,4.329861111111111
2570,3470,4.326086956521739
134,1131,4.324074074074074
146,1147,4.32129963898917
1780,2731,4.320855614973262
233,1234,4.320305052430887
1916,2858,4.3173862310385065
1610,2571,4.315830115830116
287,1284,4.312384473197782
1380,2360,4.3076923076923075
1199,2186,4.304979253112033
192,1197,4.3037100949094045
232,1233,4.302697302697303
261,1260,4.3019480519480515
3597,898,4.3006872852233675
3611,910,4.300480769230769
1897,2839,4.3
1997,2931,4.3
3658,953,4.299039780521262
200,1203,4.295454545454546
3633,930,4.29438202247191
191,1196,4.292976588628763
254,1254,4.289183222958058
2003,2937,4.288461538461538
167,1172,4.287804878048781
223,1224,4.286384976525822
1376,2357,4.283720930232558
2167,3091,4.283687943262412
3598,899,4.2836218375499335
3606,905,4.280748663101604
2568,3469,4.279850746268656
2025,296,4.278212805158913
211,1213,4.275196137598069
2792,3679,4.274193548387097
3249,541,4.273333333333333
3604,903,4.27292817679558
1218,2203,4.2703862660944205
932,1945,4.269749518304431
215,1217,4.26890756302521
274,1272,4.266666666666667
135,1132,4.259090909090909
2740,363,4.258064516129032
3628,926,4.255583126550868
3322,608,4.254675686430561
2744,3634,4.254545454545455
278,1276,4.253763440860215
184,1189,4.25278810408922
224,1225,4.251808972503618
3675,969,4.251655629139073
280,1278,4.250628667225482
3311,598,4.25
4,1002,4.25
1148,214,4.25
119,1117,4.25
2850,3730,4.249448123620309
3656,951,4.249370277078086
303,1299,4.248633879781421
3620,919,4.247962747380675
246,1247,4.245836637589215
3389,678,4.245098039215686
205,1208,4.243197278911564
3659,954,4.240208877284595
2567,3468,4.24
3655,950,4.239726027397261
1861,2804,4.238905325443787
2561,3462,4.2360655737704915
104,110,4.234957020057307
1917,2859,4.2343096234309625
936,1949,4.232876712328767
2928,3801,4.231155778894473
236,1237,4.230769230769231
2279,3196,4.228426395939087
1990,2925,4.228070175438597
2133,306,4.227544910179641
2152,3077,4.2272727272727275
3265,556,4.2272727272727275
1345,2329,4.2265625
3030,3897,4.22635814889336
109,1104,4.225672877846791
1737,2692,4.224813432835821
1647,2609,4.223880597014926
616,1617,4.219405594405594
2193,3114,4.218927444794953
217,1219,4.218527315914489
2797,3683,4.218152866242038
3617,916,4.216470588235294
247,1248,4.215953307392996
310,1304,4.215644820295983
367,1361,4.213836477987422
256,1256,4.21043771043771
363,1358,4.208156329651657
1370,2351,4.207207207207207
3630,928,4.204663212435233
2110,3038,4.202702702702703
3646,942,4.2020547945205475
663,1664,4.2
2913,3789,4.198717948717949
216,1218,4.19672131147541
912,1927,4.1940298507462686
241,1242,4.193345323741007
2001,2935,4.1931034482758625
1985,2920,4.19
2739,3629,4.189090909090909
235,1236,4.188888888888889
1490,246,4.18854748603352
227,1228,4.1875923190546525
3361,649,4.1875
1223,2208,4.185929648241206
112,111,4.183870967741935
3612,911,4.183006535947713
1211,2197,4.181818181818182
291,1288,4.179785330948121
286,1283,4.1786600496277915
704,1704,4.176356589147287
3382,669,4.173913043478261
283,1280,4.1732851985559565
3660,955,4.169491525423729
1774,2726,4.1692307692307695
270,1269,4.168154761904762
2309,3222,4.166666666666667
70,1066,4.1657142857142855
234,1235,4.164992826398852
883,1900,4.163934426229508
1347,2330,4.163043478260869
212,1214,4.159584980237154
2229,3147,4.154664484451718
3615,914,4.154088050314465
239,1240,4.152049571020019
1066,2066,4.150943396226415
2107,3035,4.149643705463183
2071,3000,4.147826086956521
3649,945,4.147410358565737
454,1449,4.147186147186147
0,1,4.146846413095811
306,1300,4.1454545454545455
1315,2300,4.144376899696049
1526,2493,4.142857142857143
229,1230,4.14167916041979
297,1293,4.141579731743666
253,1253,4.141323792486583
2166,3090,4.141242937853107
1536,2501,4.137755102040816
2351,3265,4.137614678899083
1842,2788,4.137472283813747
536,1537,4.137142857142857
92,1089,4.13582208101668
2171,3095,4.134357005758157
198,1201,4.133819951338199
295,1291,4.133292383292384
938,1950,4.129310344827586
309,1303,4.129032258064516
1419,2396,4.127479949345715
3610,909,4.127098321342926
197,1200,4.125824175824176
2065,2997,4.125390450691656
764,1780,4.125
298,1294,4.124658780709736
925,1939,4.122881355932203
3317,602,4.121951219512195
41,1036,4.121848739495798
1982,2918,4.11744738628649
3087,3949,4.115131578947368
940,1952,4.113122171945701
209,1211,4.1115702479338845
221,1222,4.110845295055821
290,1287,4.110795454545454
264,1263,4.11
3170,47,4.106420404573439
3651,947,4.1063829787234045
1995,293,4.106175514626218
2685,3578,4.106029106029106
251,1251,4.105263157894737
258,1258,4.104875804967802
3156,457,4.103258145363409
2939,3811,4.102777777777778
3466,759,4.101694915254237
3636,933,4.10158013544018
2144,307,4.098765432098766
941,1953,4.098722415795587
154,116,4.097560975609756
194,1199,4.097480832420591
259,1259,4.0969187675070025
3607,906,4.096256684491979
87,1084,4.096209912536443
931,1944,4.096153846153846
113,1111,4.095744680851064
3701,994,4.095555555555555
3291,58,4.093812375249501
2002,2936,4.093167701863354
267,1266,4.0902708124373115
93,1090,4.090113735783027
2163,3088,4.089887640449438
394,1387,4.089569829110195
3448,741,4.089171974522293
1645,2607,4.088235294117647
1664,2624,4.088235294117647
1651,2612,4.088235294117647
2667,356,4.087967183226983
3312,599,4.087121212121212
2158,3083,4.086294416243655
2457,3365,4.085714285714285
2277,3192,4.083333333333333
3144,446,4.082677165354331
3505,800,4.082539682539682
1006,2010,4.082474226804123
2425,3334,4.082429501084599
243,1244,4.082172701949861
1992,2927,4.08080808080808
2450,3359,4.0807692307692305
230,1231,4.08
89,1086,4.079155672823219
2862,3741,4.078838174273859
203,1206,4.0781122864117165
2024,2959,4.077188146106134
3639,936,4.075757575757576
1335,232,4.07514450867052
3671,965,4.075098814229249
1140,2132,4.074074074074074
1064,2064,4.0739348370927315
2281,3198,4.073846153846154
502,150,4.073541167066347
313,1307,4.073341836734694
3046,3911,4.073059360730594
3626,924,4.068764568764569
544,1545,4.068493150684931
51,1046,4.066666666666666
1067,2067,4.065602836879433
618,162,4.063136456211812
1962,29,4.062034739454094
2077,3006,4.0588235294117645
3301,589,4.058512646281616
934,1947,4.057818659658344
1137,213,4.056910569105691
1727,2682,4.056818181818182
1722,2677,4.056521739130435
2032,2966,4.055944055944056
1855,28,4.055865921787709
265,1264,4.054474708171206
207,121,4.054054054054054
950,1961,4.053383458646617
225,1226,4.053097345132743
2517,3421,4.053024026512014
452,1446,4.052910052910053
609,1610,4.052058111380146
2311,3224,4.0519480519480515
952,1963,4.051587301587301
2040,2973,4.05
3293,581,4.049645390070922
3678,971,4.047970479704797
1813,2761,4.0474777448071215
2784,3671,4.047363717605005
2978,3849,4.046511627906977
3330,615,4.044776119402985
714,1719,4.044619422572178
2109,3037,4.04399323181049
2612,3508,4.043835616438356
2367,3281,4.040816326530612
1877,2819,4.040752351097178
2433,3341,4.03954802259887
2173,3097,4.038834951456311
47,1041,4.037974683544304
929,1942,4.033613445378151
2611,3507,4.033419023136247
284,1281,4.032407407407407
1981,2917,4.031746031746032
917,1931,4.0311111111111115
368,1362,4.03
1353,2336,4.029850746268656
2907,3783,4.029787234042553
188,1192,4.0285714285714285
921,1935,4.02803738317757
699,17,4.027544910179641
2455,3363,4.026262626262627
2946,3819,4.024489795918368
206,1209,4.023121387283237
208,1210,4.022892819979188
2942,3814,4.0228310502283104
2935,3808,4.0227272727272725
2566,3467,4.021505376344086
402,1394,4.02092050209205
2608,3504,4.020348837209302
1776,2728,4.018779342723005
83,1080,4.018358531317495
1258,2248,4.017505470459518
2039,2972,4.015384615384615
2571,3471,4.0144727773949
1972,2908,4.014117647058823
2078,3007,4.013559322033898
296,1292,4.013536379018612
1329,2313,4.013129102844639
920,1934,4.012987012987013
1221,2206,4.0119760479041915
2007,2940,4.009345794392523
1208,2194,4.007985803016859
2600,3498,4.0067796610169495
778,1797,4.005988023952096
245,1246,4.005847953216374
244,1245,4.005586592178771
248,1249,4.005457025920873
2011,2944,4.0042432814710045
170,1175,4.002717391304348
305,130,4.0
850,1871,4.0
141,1139,4.0
3200,497,4.0
804,1827,4.0
2394,3305,4.0
3296,584,4.0
2131,3057,4.0
828,1851,4.0
2717,3609,4.0
3498,792,4.0
441,1434,4.0
1715,2670,4.0
3479,774,4.0
3465,758,4.0
428,1420,4.0
809,1832,4.0
2139,3065,4.0
2314,3229,4.0
320,1316,4.0
2857,3737,4.0
3578,878,4.0
2628,3522,4.0
3345,632,4.0
3453,746,4.0
2637,3530,4.0
2248,3164,4.0
884,1901,4.0
397,139,4.0
1466,2438,4.0
1377,2358,4.0
2168,3092,4.0
1212,2198,4.0
1527,2494,4.0
3411,701,4.0
78,1076,4.0
2067,2999,4.0
3556,853,4.0
2316,3232,4.0
473,1470,4.0
2758,3647,4.0
1473,2444,4.0
2709,3601,4.0
2206,3126,4.0
3155,456,4.0
237,1238,4.0
3427,717,4.0
3338,624,4.0
1869,2811,4.0
1614,2575,4.0
1973,2909,4.0
2445,3353,4.0
734,1741,4.0
2364,3277,4.0
343,134,4.0
3091,396,4.0
3093,398,4.0
819,1842,4.0
899,1915,4.0
3672,966,4.0
3622,920,3.9974048442906573
300,1296,3.9964285714285714
674,1674,3.9961759082217974
2019,2951,3.9942528735632186
172,1177,3.993197278911565
3065,3929,3.993197278911565
352,1348,3.991596638655462
272,1270,3.9903213317847466
944,1956,3.990138067061144
102,1099,3.9896907216494846
2050,2983,3.9876543209876543
27,1023,3.986425339366516
2150,3075,3.9855072463768115
242,1243,3.9846153846153847
3647,943,3.982456140350877
2855,3735,3.981818181818182
2439,3347,3.981132075471698
749,1759,3.980392156862745
79,1077,3.9798387096774195
1781,2732,3.97972972972973
3235,529,3.977777777777778
3653,949,3.9767441860465116
99,1096,3.9767441860465116
949,1960,3.9764150943396226
3629,927,3.9761904761904763
307,1301,3.9758713136729225
933,1946,3.975609756097561
1690,2648,3.9753694581280787
2859,3739,3.975
3644,940,3.9735449735449735
292,1289,3.9725274725274726
2442,3350,3.972027972027972
2235,3152,3.9717514124293785
2136,3062,3.971590909090909
1017,2020,3.9715394566623545
81,1079,3.971342383107089
1846,2791,3.9711149624494513
2014,2947,3.971014492753623
2863,3742,3.97008547008547
2454,3362,3.969934640522876
2323,324,3.9696969696969697
275,1273,3.9657534246575343
2155,308,3.9653465346534653
100,1097,3.9651828999559275
3616,915,3.9643835616438357
2765,3654,3.9641434262948207
426,1419,3.963235294117647
1301,2289,3.96319018404908
2575,3475,3.962686567164179
1730,2686,3.9622641509433962
1421,2398,3.960526315789474
3482,778,3.9600532623169107
2267,3182,3.9596774193548385
2847,3728,3.9594594594594597
2037,2970,3.9591836734693877
3104,41,3.958677685950413
2395,3306,3.9583333333333335
419,1411,3.9581151832460733
180,1185,3.958057395143488
2706,36,3.9579741379310347
1998,2932,3.957627118644068
2172,3096,3.956989247311828
770,1788,3.956043956043956
989,1997,3.9559322033898305
569,1571,3.9555555555555557
1603,2565,3.954301075268817
266,1265,3.953028972783143
2286,3201,3.9526462395543174
3635,932,3.9523809523809526
2230,3148,3.952180028129395
1634,2594,3.9516129032258065
1906,2848,3.951219512195122
183,1188,3.951183431952663
767,1784,3.9501404494382024
2981,3851,3.95
2747,3637,3.95
2407,3317,3.9495967741935485
2216,3135,3.948717948717949
1547,2512,3.9473684210526314
2471,3379,3.9473684210526314
1239,223,3.946883852691218
156,1161,3.9468085106382977
2283,32,3.945731303772336
1217,2202,3.943661971830986
942,1954,3.9433126660761735
1339,2323,3.942857142857143
65,1060,3.94147582697201
2511,3416,3.9411764705882355
1931,2871,3.9410150891632374
2714,3606,3.940828402366864
3685,978,3.94
219,1220,3.9395973154362416
811,1834,3.9391480730223125
2554,3456,3.9384615384615387
171,1176,3.937984496124031
2794,3680,3.9361702127659575
276,1274,3.933628318584071
3095,40,3.933333333333333
3393,681,3.933333333333333
1196,2183,3.9329608938547485
1692,265,3.9326424870466323
40,1035,3.931972789115646
3124,428,3.931558935361217
1280,2268,3.93119698397738
149,1150,3.930379746835443
1638,2599,3.9303547963206307
2659,3551,3.93
1072,2071,3.9298245614035086
2582,3481,3.928623452294246
1883,2824,3.9285714285714284
3264,555,3.9285714285714284
3526,824,3.9285714285714284
73,1069,3.9272727272727272
2456,3364,3.9271523178807946
1868,2810,3.926829268292683
3051,3916,3.9244851258581237
3608,907,3.9238095238095236
3665,96,3.923076923076923
108,1103,3.9228855721393034
2650,3543,3.9225268176400476
348,1344,3.9224376731301938
257,1257,3.9216101694915255
2090,3019,3.920673076923077
1318,2303,3.92
2550,3451,3.92
2255,3171,3.92
2452,3360,3.91864406779661
3220,515,3.917777777777778
750,176,3.9170731707317072
2795,3681,3.916923076923077
1963,290,3.9166666666666665
2780,3668,3.9157303370786516
3303,590,3.9152308752584424
3680,973,3.9146341463414633
2073,3002,3.914285714285714
624,1625,3.9138321995464853
2047,298,3.9130434782608696
3634,931,3.912621359223301
1708,2664,3.912420382165605
2035,2969,3.912087912087912
344,1340,3.912037037037037
308,1302,3.9114583333333335
1650,2611,3.910958904109589
924,1938,3.9098360655737703
1989,2924,3.9097744360902253
2964,3836,3.9093333333333335
735,1743,3.909090909090909
1905,2847,3.909090909090909
858,1879,3.909090909090909
3603,902,3.908284023668639
157,1162,3.90625
1763,2716,3.9055479138010085
1071,2070,3.9053030303030303
285,1282,3.904559915164369
908,1923,3.9044493070751276
2330,3246,3.903157894736842
1334,2318,3.903125
2652,3545,3.9029345372460496
1498,2467,3.9012345679012346
3176,475,3.9006410256410255
3089,3951,3.9
2677,3570,3.9
420,1412,3.9
1580,2542,3.8976
3341,628,3.8969072164948453
1704,2660,3.8962962962962964
1188,2176,3.8952879581151834
1795,2745,3.8951965065502185
1983,2919,3.895140664961637
3213,508,3.894830659536542
32,1028,3.894164193867458
3623,921,3.8940397350993377
2244,3160,3.8939802336028753
2275,319,3.8937728937728937
2141,3067,3.8923512747875355
2493,34,3.8914905768132497
1657,2618,3.891304347826087
927,1940,3.89010989010989
1922,2863,3.88996138996139
2015,2948,3.8897535667963683
1297,2285,3.888888888888889
2790,3677,3.888888888888889
3517,811,3.888888888888889
910,1925,3.888888888888889
3424,714,3.888888888888889
995,2000,3.8869084204056548
3308,595,3.8858490566037736
98,1095,3.8844133099824867
279,1277,3.884297520661157
1986,2921,3.8832807570977916
1068,2068,3.8828125
2154,3079,3.882758620689655
337,1333,3.882673942701228
2520,3424,3.880921895006402
380,1374,3.880524861878453
3540,838,3.8802395209580838
2135,3061,3.88
957,1968,3.8797920727745288
2872,3751,3.8796087283671934
1378,2359,3.879089615931721
3313,6,3.8787234042553194
922,1936,3.8780487804878048
1649,2610,3.8780487804878048
2988,3859,3.8780487804878048
2627,3521,3.877659574468085
869,1889,3.877551020408163
951,1962,3.8773006134969323
3522,82,3.8764044943820224
640,1643,3.8754716981132074
533,1533,3.875
2500,3405,3.875
3040,3905,3.875
1371,2352,3.8747016706443915
2016,2949,3.874613003095975
3262,553,3.8734177215189876
2609,3505,3.8732394366197185
638,1641,3.872393661384487
1659,262,3.872093023255814
12,101,3.869565217391304
1901,2843,3.869565217391304
228,123,3.869565217391304
1546,2511,3.8658536585365852
1501,247,3.8658280922431865
1777,2729,3.8656716417910446
2142,3068,3.865435356200528
2503,3408,3.863878326996198
226,1227,3.863070539419087
821,1844,3.8620689655172415
3592,892,3.861842105263158
683,1682,3.861691542288557
77,1073,3.8613861386138613
2750,364,3.8608385370205176
2431,334,3.8596491228070176
1521,2488,3.8588235294117648
935,1948,3.8585858585858586
1706,2662,3.8584070796460175
1738,2693,3.857142857142857
2911,3787,3.857142857142857
1718,2673,3.857142857142857
1670,263,3.857142857142857
140,1138,3.857142857142857
3278,568,3.857142857142857
3001,3870,3.857142857142857
2849,373,3.856589147286822
2434,3342,3.8565022421524664
2182,3104,3.8562091503267975
2489,3396,3.8561827956989245
2117,3044,3.855917667238422
1852,2797,3.8558014755197854
1788,2739,3.8555555555555556
2867,3746,3.8550724637681157
3061,3925,3.8548387096774195
1620,2580,3.854771784232365
1374,2355,3.854374633000587
1625,2585,3.8541666666666665
646,1649,3.8518518518518516
2170,3094,3.8514851485148514
3601,900,3.8513119533527695
1147,2139,3.850948509485095
3650,946,3.8509316770186337
3533,831,3.85
2221,314,3.85
2285,3200,3.8488372093023258
2262,3178,3.848722986247544
2358,3271,3.847560975609756
2660,3552,3.8469493278179936
277,1275,3.8461538461538463
2646,3539,3.8461538461538463
3307,594,3.8453473132372213
371,1365,3.8448275862068964
2419,3328,3.843949044585987
1146,2138,3.8426229508196723
2691,3585,3.8421052631578947
1850,2795,3.841530054644809
2461,337,3.8412698412698414
1418,2395,3.8409836065573773
176,1180,3.84
3002,3871,3.839344262295082
662,1663,3.8391891891891894
2505,341,3.838709677419355
2296,3210,3.8374717832957113
2453,3361,3.837442922374429
2853,3733,3.837370242214533
80,1078,3.836021505376344
1227,2212,3.8359375
2655,3548,3.835766423357664
3241,534,3.835664335664336
562,1564,3.8333333333333335
391,1384,3.8333333333333335
3003,3872,3.8333333333333335
1187,2175,3.8333333333333335
3415,705,3.8333333333333335
249,125,3.8333333333333335
2732,3622,3.8333333333333335
2379,3292,3.8333333333333335
1138,2130,3.8322368421052633
2174,3098,3.832116788321168
2134,3060,3.8315412186379927
1247,2238,3.831168831168831
1754,2708,3.8297872340425534
678,1678,3.829113924050633
2111,3039,3.828367103694875
1328,2312,3.8277945619335347
1686,2644,3.827731092436975
3504,80,3.826923076923077
262,1261,3.826642335766423
2788,3675,3.8265682656826567
897,1913,3.8263473053892216
2510,3415,3.8260869565217392
730,1734,3.825870646766169
2601,3499,3.82579185520362
3175,474,3.825102880658436
1471,2442,3.825
359,1354,3.8239700374531833
3567,866,3.8234265734265733
2038,2971,3.823343848580442
1145,2137,3.8229376257545273
739,1748,3.822654462242563
1808,2757,3.8222222222222224
3245,538,3.8222222222222224
55,1050,3.8219178082191783
3257,549,3.821656050955414
1537,2502,3.8211009174311927
2918,3793,3.8206485771012573
1219,2204,3.8202247191011236
3045,3910,3.82
1171,2160,3.818820224719101
2143,3069,3.8181818181818183
3242,535,3.8172757475083055
3438,73,3.8169642857142856
545,1546,3.816326530612245
1079,2078,3.816265060240964
288,1285,3.8156911581569117
2420,3329,3.814814814814815
3432,722,3.814814814814815
2091,302,3.813953488372093
503,1500,3.813380281690141
415,1408,3.8133333333333335
1350,2333,3.8131487889273354
1932,2872,3.81266846361186
2218,3137,3.8125
2735,3625,3.8125
981,199,3.8119658119658117
2458,3366,3.811320754716981
3138,440,3.811181434599156
1308,2295,3.810810810810811
898,1914,3.8091397849462365
2912,3788,3.8089430894308944
953,1964,3.80794701986755
1952,2890,3.8070519098922624
362,1357,3.8065693430656933
1159,215,3.80625
273,1271,3.806070826306914
2548,345,3.8059701492537314
2242,3159,3.8057395143487858
788,1809,3.8055555555555554
928,1941,3.8053097345132745
1082,2080,3.8043981481481484
213,1215,3.804232804232804
179,1184,3.802197802197802
633,1635,3.8007889546351086
2476,3384,3.800724637681159
2541,3443,3.8
374,1369,3.8
169,1174,3.8
3272,562,3.799163179916318
1326,2310,3.798507462686567
896,1912,3.797356828193833
945,1957,3.7965299684542586
943,1955,3.7964601769911503
470,1466,3.7955493741307373
2856,3736,3.7948717948717947
3648,944,3.7938144329896906
103,11,3.7938044530493706
3619,918,3.7936507936507935
311,1305,3.793388429752066
597,16,3.7932551319648096
2383,3296,3.793103448275862
1618,2579,3.793103448275862
2656,3549,3.792307692307692
2654,3547,3.792207792207792
2764,3653,3.791946308724832
906,1921,3.7911908646003263
681,1680,3.790948275862069
1296,2284,3.7906976744186047
2400,3310,3.7903225806451615
174,1179,3.7887005649717516
3300,588,3.788304959289415
2149,3074,3.7882882882882885
2401,3311,3.787878787878788
492,149,3.7872340425531914
2147,3072,3.7871690427698574
456,1450,3.7857142857142856
1069,2069,3.7857142857142856
914,1929,3.7857142857142856
1300,2288,3.785425101214575
3631,929,3.78494623655914
1317,2302,3.7845303867403315
71,1067,3.782608695652174
2010,2943,3.78125
3090,3952,3.7809278350515463
2183,3105,3.7808823529411764
2766,3655,3.78
127,1125,3.779220779220779
88,1085,3.7786259541984735
591,1594,3.778501628664495
635,1639,3.7784679089026914
3462,755,3.7777777777777777
1601,2562,3.7777777777777777
1166,2156,3.7777777777777777
1607,2569,3.7777777777777777
3478,771,3.7777777777777777
2013,2946,3.7731958762886597
838,1860,3.772727272727273
2259,3175,3.771412037037037
2252,3168,3.7711340206185566
673,1673,3.769503546099291
2632,3526,3.7694204685573367
1829,2776,3.769230769230769
2375,3289,3.769230769230769
3238,531,3.769230769230769
1426,2401,3.769230769230769
580,1584,3.768451519536903
2448,3357,3.766990291262136
2621,3516,3.7665198237885464
3436,728,3.7649769585253456
3477,77,3.764705882352941
1769,2721,3.764705882352941
1968,2904,3.764705882352941
2146,3071,3.764525993883792
3182,480,3.7638473053892216
2943,3816,3.763157894736842
1077,2076,3.7629969418960245
2099,3028,3.762589928057554
2639,3532,3.761904761904762
874,1893,3.761904761904762
684,1683,3.761467889908257
1697,2654,3.7611940298507465
3246,539,3.760649087221095
852,1873,3.7606177606177607
1746,2700,3.760441292356186
2422,3330,3.759259259259259
401,1393,3.7590539541759056
2070,300,3.7588652482269502
2615,3510,3.7588306942752743
1522,249,3.7586206896551726
2950,3822,3.757142857142857
1083,2081,3.756521739130435
894,1910,3.7560975609756095
2178,3100,3.756019261637239
926,194,3.755868544600939
26,1022,3.755632582322357
2791,3678,3.7555555555555555
2722,3613,3.75531914893617
2478,3386,3.755291005291005
3596,897,3.7551020408163267
2295,321,3.7540983606557377
3652,948,3.753846153846154
2501,3406,3.7523809523809524
324,1321,3.7522768670309654
1414,2391,3.751677852348993
3309,596,3.751004016064257
822,1845,3.750830564784053
3098,404,3.75
2868,3747,3.75
1136,2129,3.75
3676,97,3.75
3464,757,3.75
3681,974,3.75
3069,3932,3.75
3691,985,3.75
2341,3256,3.75
144,1144,3.75
882,190,3.75
1312,2299,3.75
3640,937,3.75
2597,3495,3.75
2643,3536,3.7484662576687118
2033,2967,3.748031496062992
1253,2243,3.747782002534854
281,1279,3.747422680412371
1773,2725,3.7473684210526317
2020,2952,3.747311827956989
1987,2922,3.7468879668049793
2874,3753,3.7451612903225806
2430,3339,3.744186046511628
2676,357,3.7437145174371453
1114,2109,3.743455497382199
2106,3034,3.7434402332361514
3185,483,3.7432432432432434
890,1907,3.742857142857143
1248,2239,3.7422680412371134
2004,2938,3.7419354838709675
3664,959,3.7413793103448274
2831,3713,3.7411764705882353
126,1124,3.740740740740741
1076,2075,3.740740740740741
3192,49,3.740740740740741
576,1580,3.739952718676123
400,1392,3.73972602739726
720,1725,3.739130434782609
1014,2018,3.738539898132428
728,1732,3.7383773928896993
1713,2669,3.7383177570093458
1910,2852,3.7378048780487805
2596,3494,3.7375
2490,3397,3.7374301675977653
1365,2347,3.736842105263158
3548,846,3.736842105263158
166,1171,3.7349397590361444
2546,3448,3.733826247689464
153,1154,3.7333333333333334
2370,3284,3.7333333333333334
2048,2981,3.7333333333333334
1139,2131,3.7333333333333334
97,1094,3.7314890154597236
570,1572,3.730769230769231
923,1937,3.7301587301587302
2346,3260,3.7291666666666665
1742,2697,3.7291666666666665
2842,3723,3.7286245353159853
404,1396,3.7277726856095326
125,1123,3.727272727272727
726,1730,3.727272727272727
1360,2342,3.727272727272727
1160,2150,3.726618705035971
539,154,3.7261904761904763
2591,349,3.7261567516525025
695,1694,3.7261146496815285
1767,272,3.7258485639686683
2079,3008,3.7254901960784315
3643,94,3.7252747252747254
685,1684,3.7241379310344827
608,161,3.723684210526316
3073,3936,3.7232142857142856
3442,733,3.723134328358209
2545,3447,3.7222222222222223
163,1169,3.7222222222222223
2653,3546,3.7219730941704037
2588,3487,3.7205882352941178
2959,3831,3.7204301075268815
3371,659,3.72
1123,2117,3.7194244604316546
3195,492,3.719402985074627
694,1693,3.717948717948718
2843,3724,3.717948717948718
3260,551,3.717871485943775
1844,279,3.717391304347826
1202,2189,3.7142857142857144
1633,2593,3.7142857142857144
3336,621,3.7142857142857144
2214,3133,3.7142857142857144
1287,2276,3.7142857142857144
1132,2125,3.7139423076923075
2516,3420,3.71356783919598
2337,3252,3.7135135135135133
973,1982,3.7134387351778657
2306,322,3.712918660287081
2126,3052,3.7128412537917086
1565,2529,3.712564543889845
3056,3920,3.712121212121212
2266,3181,3.7116564417177913
651,1653,3.711234911792015
1153,2144,3.710709318497914
518,1517,3.7103734439834026
1099,2096,3.710371819960861
1752,2706,3.7098632109431247
2151,3076,3.7096774193548385
2846,3727,3.7094594594594597
361,1356,3.7091603053435116
2463,3371,3.7083333333333335
301,1297,3.7081447963800906
1113,2108,3.7066666666666666
2029,2963,3.7058823529411766
2061,2993,3.7054455445544554
3645,941,3.704761904761905
15,1012,3.7043189368770766
2247,3163,3.7039473684210527
1225,2210,3.7037037037037037
2273,3188,3.7037037037037037
22,1019,3.7026086956521738
1124,2118,3.7024793388429753
486,1484,3.7016129032258065
2209,3129,3.701388888888889
85,1082,3.7012987012987013
2140,3066,3.7010309278350517
1735,2690,3.7
3022,389,3.7
2368,3282,3.7
2190,3111,3.699530516431925
2580,348,3.698901098901099
1801,2750,3.6982456140350877
37,1032,3.697142857142857
2169,3093,3.6971153846153846
2982,3852,3.6971153846153846
3531,83,3.696969696969697
2225,3143,3.696969696969697
1337,2321,3.6968911917098444
1368,235,3.696871628910464
3335,62,3.6968576709796674
1915,2857,3.6967418546365916
2712,3604,3.69672131147541
3593,893,3.6956521739130435
2328,3244,3.6956521739130435
939,1951,3.6948356807511735
1660,2620,3.6944444444444446
2034,2968,3.6940594059405942
3139,441,3.6936236391912907
865,1885,3.692434210526316
3208,503,3.6923076923076925
791,1811,3.6923076923076925
1741,2696,3.691358024691358
3128,431,3.6910569105691056
1413,2390,3.690909090909091
2796,3682,3.6904761904761907
724,1729,3.6892265193370166
1431,2406,3.6892193308550185
1183,2171,3.688775510204082
1925,2866,3.6884422110552766
33,1029,3.688380281690141
696,1695,3.6875
2165,309,3.6875
1120,2114,3.6875
2353,3267,3.6873706004140785
1372,2353,3.687246963562753
106,1101,3.6861386138613863
72,1068,3.6857142857142855
986,1994,3.6842767295597483
3508,803,3.6842105263157894
1794,2744,3.6842105263157894
129,1127,3.6839650145772596
2233,3150,3.683333333333333
2683,3576,3.683098591549296
954,1965,3.6830892143808254
1980,2916,3.682364729458918
2449,3358,3.681614349775785
2998,3868,3.680635838150289
2617,3512,3.6806167400881056
2513,3418,3.6803105151729003
3385,671,3.6798245614035086
2054,2987,3.6798221234018897
2340,3255,3.6797088262056414
1976,2912,3.679324894514768
3689,982,3.6790123456790123
3295,583,3.6785714285714284
2288,3203,3.6780684104627768
2515,342,3.6776061776061777
1121,2115,3.676131322094055
3618,917,3.675324675324675
3214,509,3.674342105263158
2820,3703,3.6740812379110253
2579,3479,3.6734317343173433
3674,968,3.6713286713286712
1026,2029,3.6710526315789473
347,1343,3.671033478893741
1059,206,3.6707317073170733
2179,3101,3.669576059850374
3004,3873,3.6678571428571427
2130,3056,3.6666666666666665
2666,3559,3.6666666666666665
2398,3309,3.6666666666666665
1545,2510,3.6666666666666665
2325,3241,3.6666666666666665
1892,2833,3.6666666666666665
2326,3242,3.6666666666666665
2315,3230,3.6666666666666665
2839,3720,3.6666666666666665
1074,2073,3.6666666666666665
44,1039,3.6666666666666665
2783,3670,3.6666666666666665
3600,90,3.6666666666666665
2768,3657,3.6666666666666665
3088,3950,3.6666666666666665
2985,3855,3.6666666666666665
3077,394,3.6666666666666665
3412,702,3.6666666666666665
534,1534,3.6666666666666665
510,1509,3.6666666666666665
3437,729,3.6666666666666665
3553,850,3.6666666666666665
2560,3461,3.6657223796033995
1731,2687,3.665158371040724
2645,3538,3.664772727272727
2057,299,3.664335664335664
2819,3702,3.6641651031894935
1190,2178,3.663157894736842
1716,2671,3.6628205128205127
3147,449,3.6619718309859155
2289,3204,3.661764705882353
632,1633,3.661654135338346
1089,2087,3.65993265993266
182,1187,3.6598639455782314
3229,523,3.658119658119658
3637,934,3.6578947368421053
3378,665,3.657142857142857
382,1376,3.6563055062166963
1386,2366,3.6560846560846563
2352,3266,3.655844155844156
1871,2813,3.6551724137931036
214,1216,3.6551724137931036
3399,69,3.6551724137931036
2734,3624,3.6548672566371683
517,1516,3.6538461538461537
2633,3527,3.653816499614495
947,1959,3.6533546325878596
2769,3658,3.652173913043478
1661,2621,3.652173913043478
1149,2140,3.652112676056338
2153,3078,3.6516129032258067
1533,25,3.6510204081632653
405,1397,3.6507936507936507
2460,3368,3.6507936507936507
748,1758,3.65
2984,3854,3.65
1648,261,3.6491228070175437
2069,30,3.6486486486486487
1867,281,3.648068669527897
1465,2437,3.6470588235294117
3332,617,3.6470588235294117
955,1966,3.6464646464646466
3563,862,3.6451612903225805
39,1034,3.6449704142011834
3602,901,3.6436781609195403
2180,3102,3.6434426229508197
2274,3189,3.6433333333333335
879,1898,3.642857142857143
1815,2763,3.6418732782369148
3310,597,3.641491395793499
302,1298,3.640826873385013
527,1527,3.6405228758169934
3225,52,3.640371229698376
1979,2915,3.6396713615023475
3011,388,3.6391752577319587
2055,2988,3.638888888888889
956,1967,3.637184115523466
531,1531,3.6363636363636362
2241,3158,3.6363636363636362
3086,3948,3.6357308584686776
231,1232,3.6346153846153846
3430,72,3.6344086021505375
2926,380,3.6342857142857143
3328,613,3.6341463414634148
3638,935,3.6338028169014085
1462,2434,3.6333333333333333
2721,3612,3.6333333333333333
164,117,3.632911392405063
2251,3167,3.6325301204819276
2213,3132,3.6315789473684212
2664,3556,3.6310975609756095
2705,3599,3.6310679611650487
3172,471,3.631051752921536
2749,3639,3.629067245119306
2186,3108,3.6264550264550266
1899,2841,3.6262833675564683
2581,3480,3.6258064516129034
30,1026,3.625
3557,854,3.625
3270,560,3.625
3100,406,3.625
1103,21,3.6238938053097347
355,1350,3.6234718826405867
3348,635,3.6233766233766236
3033,39,3.6233480176211454
2268,3183,3.6222222222222222
614,1615,3.6211453744493394
1452,2425,3.6206896551724137
3641,938,3.620320855614973
1832,2779,3.6202898550724636
2362,3275,3.619565217391304
1635,2596,3.618705035971223
84,1081,3.6175115207373274
2236,3153,3.616279069767442
3230,524,3.615546218487395
3425,715,3.6153846153846154
3271,561,3.6153846153846154
2008,2941,3.6142857142857143
181,1186,3.613879003558719
1346,233,3.6127659574468085
1048,205,3.611764705882353
199,1202,3.611111111111111
2756,3645,3.611111111111111
1467,2439,3.611111111111111
29,1025,3.6109215017064846
1367,2349,3.6107784431137726
2082,3011,3.610738255033557
178,1183,3.609706774519717
3121,425,3.6095238095238096
1245,2236,3.608910891089109
1240,2231,3.608695652173913
1623,2583,3.608510638297872
1057,2058,3.6082603254067585
946,1958,3.607547169811321
3196,493,3.6073825503355703
1085,2083,3.6068702290076335
3206,501,3.606382978723404
2745,3635,3.6057494866529773
1172,2161,3.6051502145922747
349,1345,3.6049382716049383
1726,2681,3.604651162790698
3692,986,3.603448275862069
3340,627,3.603305785123967
312,1306,3.6029411764705883
3657,952,3.6022304832713754
1528,2495,3.6020408163265305
1102,2099,3.6018099547511313
3305,592,3.6009783368273935
2338,3253,3.600892857142857
3146,448,3.6008771929824563
1816,2764,3.6
3346,633,3.6
3358,645,3.6
159,1164,3.6
669,167,3.6
3561,860,3.6
1514,2481,3.6
2081,3010,3.6
561,1563,3.6
1575,2538,3.6
2742,3632,3.6
1065,2065,3.5991649269311066
1197,2184,3.598639455782313
1609,2570,3.5980392156862746
1087,2085,3.5964601769911506
1472,2443,3.5952380952380953
422,1414,3.5952380952380953
1392,2371,3.5943238731218696
2973,3844,3.593137254901961
1304,2291,3.5926680244399187
2799,3685,3.5926605504587155
2059,2991,3.5924170616113744
630,1631,3.5918367346938775
294,1290,3.591304347826087
2951,3823,3.590909090909091
1246,2237,3.590909090909091
1930,2870,3.5906735751295336
1316,2301,3.5902964959568733
1464,2436,3.5901639344262297
3510,805,3.5901162790697674
2512,3417,3.589041095890411
511,151,3.588447653429603
1450,2423,3.588349514563107
606,1608,3.5882899628252787
3282,571,3.588235294117647
1198,2185,3.588235294117647
20,1017,3.5869565217391304
289,1286,3.585964912280702
2817,3700,3.5853658536585367
717,1721,3.5834411384217333
64,106,3.5833333333333335
3565,864,3.5833333333333335
513,1511,3.5833333333333335
123,1120,3.5833333333333335
1195,2182,3.5816326530612246
3063,3927,3.5804597701149423
2161,3086,3.580246913580247
2576,3476,3.578710644677661
387,1380,3.5777233782129745
1200,2187,3.576923076923077
414,1407,3.5756207674943568
3669,963,3.574074074074074
1428,2403,3.5717884130982367
1417,2394,3.5716753022452505
1319,2304,3.5714285714285716
3277,567,3.5714285714285716
3547,844,3.5714285714285716
2845,3726,3.5714285714285716
2594,3492,3.5714285714285716
697,1696,3.5714285714285716
2393,3304,3.5714285714285716
3683,976,3.5714285714285716
1666,2626,3.5714285714285716
1080,2079,3.5714285714285716
1061,2061,3.5714285714285716
1856,280,3.5707547169811322
2885,3763,3.570613409415121
672,1672,3.5700934579439254
3474,766,3.57
707,171,3.5698924731182795
659,1660,3.569832402234637
1186,2174,3.5678929765886287
1194,2181,3.5677966101694913
299,1295,3.5676691729323307
636,164,3.5672823218997363
3228,522,3.566265060240964
1285,2273,3.5661881977671452
1879,2820,3.5660377358490565
16,1013,3.565891472868217
2892,377,3.5654545454545454
1185,2173,3.5636363636363635
341,1337,3.5625
1758,2711,3.5625
1001,2006,3.5615462868769074
647,165,3.561212121212121
558,156,3.5606060606060606
2299,3213,3.560344827586207
3107,412,3.559322033898305
1115,211,3.5588235294117645
61,1057,3.5583941605839415
315,1310,3.558139534883721
790,1810,3.558073654390935
2940,3812,3.557894736842105
1893,2834,3.5555555555555554
423,1415,3.5555555555555554
2917,3792,3.5555555555555554
843,1865,3.5555555555555554
2120,3047,3.5555555555555554
2201,3121,3.5555555555555554
2930,3803,3.5555555555555554
2464,3372,3.5535714285714284
3359,647,3.5532879818594103
1366,2348,3.5526315789473686
1088,2086,3.5517241379310347
66,1061,3.550802139037433
1779,2730,3.5502958579881656
3661,956,3.55
417,141,3.5498533724340176
1944,2883,3.5487364620938626
2565,3466,3.547945205479452
782,180,3.5476718403547673
3153,454,3.5473300970873787
1234,222,3.547112462006079
1961,2899,3.547008547008547
3325,610,3.546925566343042
2605,3501,3.546468401486989
1890,2830,3.5454545454545454
3668,962,3.5454545454545454
996,2001,3.5450049455984174
408,14,3.542483660130719
3034,390,3.542372881355932
541,1542,3.542016806722689
95,1092,3.5419440745672435
376,1370,3.541850220264317
472,147,3.541436464088398
1,10,3.5405405405405403
2104,3032,3.5401785714285716
60,1056,3.54
2663,3555,3.539647577092511
1532,2499,3.5384615384615383
2066,2998,3.5384615384615383
2983,3853,3.5384615384615383
1432,2407,3.5377733598409544
1674,2633,3.537037037037037
1034,2037,3.537037037037037
1682,2640,3.536824877250409
1106,2101,3.533333333333333
746,1755,3.533333333333333
3459,751,3.533333333333333
3219,514,3.531791907514451
1019,2022,3.531496062992126
836,1859,3.53125
86,1083,3.5304878048780486
2197,3118,3.5303030303030303
1639,26,3.53
2418,3327,3.529850746268657
3184,482,3.528409090909091
1289,2278,3.5272952853598016
1734,269,3.5272727272727273
45,104,3.526392961876833
1226,2211,3.526315789473684
2558,346,3.525
1566,253,3.524390243902439
1238,2227,3.5238095238095237
1075,2074,3.5238095238095237
3284,573,3.5238095238095237
2793,368,3.5236907730673317
3698,991,3.523529411764706
3212,507,3.522727272727273
1934,2874,3.5223880597014925
1177,2166,3.5208333333333335
1294,2282,3.518987341772152
1004,2009,3.518957345971564
2156,3081,3.516885553470919
1858,2801,3.5164835164835164
3468,760,3.515151515151515
1818,2766,3.515151515151515
2297,3211,3.515151515151515
1220,2205,3.515151515151515
2205,3125,3.515
1827,2774,3.514705882352941
1391,2370,3.5140845070422535
849,1870,3.513888888888889
2253,3169,3.513833992094862
3562,861,3.5128205128205128
1671,2630,3.5121951219512195
3050,3915,3.5118110236220472
2606,3502,3.5113636363636362
2411,3320,3.511111111111111
3485,780,3.5104046242774567
1250,2240,3.508403361344538
186,1190,3.507575757575758
410,1401,3.506172839506173
1523,2490,3.5058214747736094
900,1916,3.505649717514124
1753,2707,3.504731861198738
1836,2782,3.5046728971962615
2491,3398,3.504398826979472
878,1897,3.5037593984962405
2260,3176,3.503380916604057
689,1688,3.5032894736842106
698,1699,3.503225806451613
1588,2550,3.5027322404371586
3026,3893,3.5026833631484795
2421,333,3.502439024390244
2056,2989,3.501176470588235
3564,863,3.5
670,1670,3.5
3012,3880,3.5
2474,3381,3.5
2508,3413,3.5
487,1485,3.5
1055,2056,3.5
1446,242,3.5
1302,229,3.5
686,1685,3.5
2469,3377,3.5
1134,2127,3.5
2062,2994,3.5
370,1364,3.5
2428,3337,3.5
2424,3333,3.5
507,1504,3.5
655,1657,3.5
1262,2251,3.5
3237,530,3.5
3423,712,3.5
2877,3756,3.5
2159,3084,3.5
769,1787,3.5
3390,679,3.5
148,1149,3.5
2382,3295,3.5
1581,2543,3.5
3038,3903,3.5
1617,2578,3.5
2005,2939,3.5
2212,3131,3.5
3497,791,3.5
3394,682,3.5
1230,2215,3.5
2392,3303,3.5
2815,37,3.5
366,1360,3.5
2237,3154,3.5
2319,3236,3.5
2482,339,3.49925705794948
1000,2005,3.4972067039106145
3507,802,3.496487119437939
3299,587,3.49644128113879
1207,2193,3.4962593516209477
1046,2048,3.49618320610687
3554,851,3.4960629921259843
2119,3046,3.4941176470588236
1078,2077,3.4935064935064934
892,1909,3.4929718875502007
469,1465,3.492063492063492
1953,2891,3.4918918918918918
3211,506,3.491228070175439
1804,2753,3.491228070175439
2854,3734,3.491228070175439
2243,316,3.490143369175627
761,1777,3.4895489548954894
738,1747,3.4895259095920617
1118,2112,3.4884393063583814
1100,2097,3.488262910798122
2441,335,3.4878048780487805
479,1476,3.4869739478957915
887,1904,3.4867256637168142
269,1268,3.4858044164037856
351,1347,3.4855875831485585
3112,417,3.485576923076923
535,1535,3.4854368932038833
2258,3174,3.48512585812357
3428,718,3.484848484848485
150,1151,3.4838709677419355
52,1047,3.4838709677419355
1307,2294,3.483720930232558
806,183,3.4827586206896552
151,1152,3.4827586206896552
2347,3261,3.4825174825174825
2882,3760,3.481967213114754
48,1042,3.481060606060606
1320,2305,3.48
36,1031,3.479623824451411
1169,2159,3.4794520547945207
2408,3318,3.4791666666666665
3534,832,3.478723404255319
2162,3087,3.4786821705426356
3490,785,3.4784313725490197
3667,961,3.4782608695652173
554,1554,3.4782608695652173
2271,3186,3.4779582366589326
792,1812,3.477272727272727
741,175,3.477272727272727
1178,2167,3.477132262051916
3539,837,3.477064220183486
2737,3627,3.4766355140186915
190,1194,3.4764150943396226
2089,3018,3.475806451612903
1994,2929,3.474418604651163
645,1648,3.4742268041237114
1093,2090,3.4738955823293174
763,178,3.473684210526316
757,1770,3.473684210526316
2245,3161,3.473684210526316
1553,2518,3.4727891156462585
3085,3947,3.4727272727272727
3363,650,3.4719101123595504
2635,3529,3.470967741935484
2893,3770,3.470414201183432
1564,2528,3.4696485623003195
593,1596,3.46875
1775,2727,3.46875
1241,2232,3.467811158798283
2789,3676,3.4673366834170856
3178,477,3.466666666666667
2369,3283,3.466666666666667
1410,2388,3.466666666666667
1044,2046,3.466417910447761
131,1129,3.4649321266968327
3374,661,3.4647619047619047
1939,2879,3.4634146341463414
2743,3633,3.461756373937677
1497,2466,3.4615384615384617
2814,3699,3.461271676300578
1494,2463,3.4610526315789474
1506,2474,3.4606413994169096
3696,99,3.46
668,1669,3.4594594594594597
2385,3298,3.4593220338983053
413,1406,3.4583333333333335
1941,2880,3.4583333333333335
2704,3598,3.458100558659218
628,163,3.4574074074074073
1787,2738,3.4556962025316458
1284,2272,3.455357142857143
1009,2013,3.454983922829582
2607,3503,3.4545454545454546
1043,2045,3.4545454545454546
1293,2281,3.4545454545454546
2858,3738,3.4545454545454546
2662,3554,3.453781512605042
1314,230,3.4527220630372493
1011,2015,3.4526315789473685
1900,2842,3.4523809523809526
2092,3020,3.4522900763358777
2499,3404,3.452054794520548
2052,2985,3.451586655817738
2208,3128,3.450980392156863
3391,68,3.45
3666,960,3.45
38,1033,3.4494773519163764
3126,43,3.4457831325301207
3285,574,3.4457142857142857
785,1805,3.4456869009584663
2636,353,3.4455040871934606
448,1441,3.444906444906445
480,1477,3.4444444444444446
2051,2984,3.4444444444444446
1999,2933,3.4444444444444446
565,1567,3.4444444444444446
90,1087,3.4444444444444446
2222,3140,3.4444444444444446
122,112,3.443859649122807
718,1722,3.4419953596287702
3064,3928,3.441747572815534
2185,3107,3.440736478711162
1485,2455,3.4407096171802056
1299,2287,3.4392857142857145
3550,848,3.4358974358974357
642,1645,3.4358353510895885
2754,3643,3.4356435643564356
1785,2736,3.4355555555555557
1950,2889,3.4355400696864113
863,1883,3.4352409638554215
1926,2867,3.434640522875817
3418,708,3.434462444771723
3360,648,3.432874918140144
1292,2280,3.432
3595,896,3.4313725490196076
2658,3550,3.43125
1105,2100,3.4307824591573515
775,1794,3.4304635761589406
2462,3370,3.4302325581395348
114,1112,3.4285714285714284
152,1153,3.4285714285714284
1667,2627,3.4285714285714284
1812,2760,3.4285714285714284
2064,2996,3.4285714285714284
1150,2141,3.4282178217821784
617,1619,3.4281767955801103
566,1569,3.428048780487805
2630,3524,3.4269662921348316
1502,2470,3.4265350877192984
1703,266,3.425531914893617
3148,45,3.4246323529411766
1142,2134,3.4235294117647057
907,1922,3.423076923076923
860,1880,3.423076923076923
1362,2344,3.4228855721393034
1611,2572,3.422857142857143
1709,2665,3.4225352112676055
2718,361,3.421641791044776
1563,2527,3.4213836477987423
583,1587,3.4213286713286712
519,1518,3.42090395480226
3205,500,3.420047732696897
56,1051,3.4183673469387754
384,1378,3.4181494661921707
1447,2420,3.417849898580122
1327,2311,3.4170212765957446
1612,2573,3.4166666666666665
3376,663,3.4166666666666665
2751,3640,3.4166666666666665
2573,3473,3.4166666666666665
2738,3628,3.4158415841584158
701,1701,3.415492957746479
2549,3450,3.415327564894932
2848,3729,3.4144144144144146
2238,3155,3.4144144144144146
1255,2245,3.414396887159533
2861,3740,3.414383561643836
2310,3223,3.413793103448276
2308,3221,3.413793103448276
549,155,3.413793103448276
2263,3179,3.4133333333333336
780,1799,3.4131455399061035
2270,3185,3.4120603015075375
1988,2923,3.411764705882353
118,1116,3.411764705882353
787,1807,3.411764705882353
3408,7,3.410480349344978
2544,3446,3.41025641025641
1668,2628,3.409777777777778
378,1372,3.4095904095904097
2920,3795,3.409090909090909
2697,3591,3.4076433121019107
255,1255,3.4074074074074074
96,1093,3.4073529411764705
2284,320,3.40625
594,1597,3.405672009864365
3677,970,3.4054054054054053
2716,3608,3.40534262485482
17,1014,3.4044117647058822
3280,57,3.404040404040404
2823,3706,3.404017857142857
854,1875,3.402439024390244
3552,85,3.402061855670103
2335,3250,3.401639344262295
571,1573,3.4011259676284307
63,1059,3.4008350730688934
740,1749,3.4
870,189,3.4
2979,385,3.4
2673,3567,3.4
2518,3422,3.4
2083,3012,3.4
2028,2962,3.4
2440,3349,3.4
1595,2557,3.4
1720,2675,3.4
76,1071,3.4
2380,3293,3.4
356,1351,3.4
1233,2219,3.4
1216,2201,3.4
3544,841,3.4
474,1471,3.4
1454,2427,3.398505603985056
2936,3809,3.397796817625459
2894,3771,3.3973509933774833
3513,808,3.395348837209302
2851,3731,3.395348837209302
1576,2539,3.3944805194805197
3560,86,3.3940677966101696
2189,3110,3.393939393939394
2692,3586,3.392857142857143
2974,3845,3.392857142857143
446,144,3.392609699769053
2603,350,3.392233009708738
3670,964,3.392156862745098
1249,224,3.3911917098445596
1440,2414,3.390501319261214
2129,3055,3.3902439024390243
1733,2689,3.3902439024390243
768,1785,3.388888888888889
1728,2683,3.388423988842399
2145,3070,3.3878887070376433
3141,443,3.3870967741935485
745,1754,3.38659793814433
3575,875,3.3863636363636362
1107,2102,3.3857868020304567
3663,958,3.3846153846153846
2224,3142,3.3846153846153846
3190,488,3.3846153846153846
2921,3796,3.3846153846153846
2891,3769,3.3842105263157896
3251,543,3.3841642228739004
2955,3827,3.3828451882845187
1487,2457,3.382239382239382
2866,3745,3.3813084112149534
817,1840,3.38125
3183,481,3.380952380952381
202,1205,3.380952380952381
1896,2837,3.380952380952381
3198,495,3.380952380952381
919,1933,3.380952380952381
1451,2424,3.380668257756563
2336,3251,3.380434782608696
421,1413,3.38
2157,3082,3.379350348027842
2202,3122,3.3793103448275863
913,1928,3.3793103448275863
2390,3301,3.3787375415282392
3486,781,3.378640776699029
2678,3571,3.377952755905512
3694,988,3.3768115942028984
2376,329,3.3767676767676766
2076,3005,3.3765625
1176,2165,3.376146788990826
1793,2743,3.375
2086,3015,3.375
450,1444,3.375
2798,3684,3.374301675977654
2915,3790,3.372549019607843
1363,2345,3.372093023255814
2459,3367,3.372093023255814
2672,3566,3.3717105263157894
873,1892,3.371571072319202
2507,3412,3.3714285714285714
2191,3112,3.3714285714285714
2727,3618,3.3712737127371275
853,1874,3.3703703703703702
1725,268,3.3703703703703702
2344,3259,3.369727047146402
3227,521,3.3675213675213675
1904,2846,3.3674698795180724
453,1447,3.36734693877551
1154,2145,3.3665223665223665
1286,2275,3.3661971830985915
801,1824,3.3653846153846154
2610,3506,3.3652694610778444
2729,362,3.3640167364016738
1529,2496,3.363888888888889
3117,421,3.3617021276595747
1705,2661,3.3617021276595747
1469,2440,3.3617021276595747
3062,3926,3.361111111111111
1946,2885,3.360655737704918
793,1814,3.36
585,1589,3.3597560975609757
1461,2433,3.3594771241830066
3392,680,3.359375
2227,3145,3.359073359073359
1783,2734,3.3583690987124464
1484,2454,3.3583333333333334
463,1459,3.357894736842105
240,1241,3.357142857142857
3703,997,3.357142857142857
3444,735,3.3564356435643563
1591,2553,3.356164383561644
1018,2021,3.356147021546261
1110,2105,3.3556701030927836
381,1375,3.353829557713053
2755,3644,3.3529411764705883
3331,616,3.352517985611511
468,1464,3.3517241379310345
610,1611,3.3516949152542375
2303,3217,3.3516483516483517
2876,3755,3.351431391905232
2675,3569,3.3513513513513513
1810,2759,3.3511627906976744
1991,2926,3.350561797752809
1662,2622,3.3493975903614457
1213,22,3.3492063492063493
3502,799,3.3491124260355027
168,1173,3.3484848484848486
1416,2393,3.34820322180917
2497,3402,3.347826086956522
2618,3513,3.3476190476190477
2282,3199,3.3472222222222223
2624,3519,3.3467336683417086
1508,2476,3.3466666666666667
3197,494,3.3461538461538463
816,184,3.3461538461538463
18,1015,3.3461538461538463
864,1884,3.3456375838926173
1020,2023,3.3449612403100777
1022,2025,3.3438914027149322
342,1339,3.34375
1007,2011,3.3436960276338517
1541,2506,3.3435582822085887
1687,2645,3.343137254901961
2614,351,3.342412451361868
1951,289,3.3417721518987342
2527,3430,3.340909090909091
1056,2057,3.340659340659341
648,1650,3.34
1109,2104,3.339622641509434
2391,3302,3.339622641509434
2467,3375,3.3384615384615386
2523,3427,3.3378378378378377
1993,2928,3.3376623376623376
781,18,3.337579617834395
619,1620,3.3367088607594937
2923,3798,3.3347732181425487
1122,2116,3.3333333333333335
2302,3216,3.3333333333333335
2899,3776,3.3333333333333335
2682,3575,3.3333333333333335
1515,2482,3.3333333333333335
508,1507,3.3333333333333335
3500,796,3.3333333333333335
839,1861,3.3333333333333335
2694,3588,3.3333333333333335
2711,3603,3.3333333333333335
1236,2223,3.3333333333333335
886,1903,3.3333333333333335
3379,666,3.3333333333333335
484,1482,3.3333333333333335
2997,3867,3.3333333333333335
520,1519,3.3333333333333335
2030,2964,3.3333333333333335
1796,2746,3.3322649572649574
2578,3478,3.330827067669173
10,1008,3.329896907216495
2300,3214,3.329896907216495
1273,2261,3.329192546583851
3049,3914,3.3285714285714287
53,1049,3.328159645232816
1193,2180,3.3275862068965516
611,1612,3.327272727272727
403,1395,3.3254237288135595
546,1547,3.324324324324324
1047,2049,3.324324324324324
3193,490,3.324324324324324
3410,700,3.3241379310344827
2644,3537,3.323529411764706
2204,3124,3.323529411764706
1691,2649,3.3230769230769233
1656,2617,3.3217477656405165
1958,2896,3.3214285714285716
1135,2128,3.32
3102,408,3.3194444444444446
1383,2363,3.318936877076412
3029,3896,3.3184357541899443
723,1728,3.3181818181818183
1021,2024,3.3175675675675675
3194,491,3.3160377358490565
1165,2155,3.3146067415730336
3165,465,3.3142857142857145
2602,35,3.3142857142857145
3319,605,3.314159292035398
1797,2747,3.311797752808989
91,1088,3.3114992721979624
2836,3718,3.3114754098360657
2113,3040,3.311111111111111
813,1836,3.311111111111111
652,1654,3.310344827586207
1435,241,3.310344827586207
2804,369,3.310344827586207
58,1054,3.308641975308642
293,129,3.3076923076923075
1364,2346,3.3066666666666666
436,1429,3.3063973063973062
509,1508,3.3055555555555554
2278,3194,3.3045454545454547
568,1570,3.3043478260869565
1420,2397,3.3043478260869565
1379,236,3.303680981595092
2280,3197,3.302788844621514
2080,301,3.302325581395349
2700,3594,3.302197802197802
2196,3117,3.3013698630136985
2389,3300,3.300738007380074
1224,2209,3.3
3396,685,3.3
1507,2475,3.3
1111,2106,3.2972972972972974
970,198,3.2958677685950413
455,145,3.2955801104972378
1895,2836,3.294478527607362
1977,2913,3.2941176470588234
494,1493,3.2941176470588234
2871,375,3.2941176470588234
432,1425,3.2916666666666665
3577,877,3.2916666666666665
1700,2657,3.291159772911598
2521,3425,3.2911392405063293
1589,2551,3.291005291005291
1406,2384,3.2906309751434035
812,1835,3.289617486338798
1283,2271,3.289473684210526
3151,452,3.289473684210526
2941,3813,3.289156626506024
50,1044,3.2857142857142856
2640,3533,3.2857142857142856
542,1543,3.2857142857142856
1206,2192,3.2857142857142856
1975,2911,3.2857142857142856
1616,2577,3.2857142857142856
2096,3025,3.2857142857142856
1828,2775,3.2857142857142856
2960,3832,3.2857142857142856
2357,3270,3.285
586,159,3.2844827586206895
2105,3033,3.2836484983314795
1058,2059,3.283582089552239
3705,999,3.2832167832167833
620,1621,3.2823529411764705
2919,3794,3.28099173553719
1303,2290,3.28099173553719
3149,450,3.280701754385965
613,1614,3.2803738317757007
564,1566,3.279317697228145
483,1480,3.279245283018868
3161,461,3.2790697674418605
2782,367,3.279050042408821
930,1943,3.278688524590164
918,1932,3.2777777777777777
1544,251,3.2777777777777777
1500,2469,3.2766798418972334
3157,458,3.2758620689655173
2539,3441,3.2757894736842106
1141,2133,3.2754158964879854
3044,391,3.275
1860,2803,3.2745664739884393
2494,340,3.2738095238095237
2100,3029,3.2736842105263158
2934,3807,3.2735849056603774
3014,3882,3.2735042735042734
62,1058,3.272727272727273
2324,3240,3.272727272727273
1673,2632,3.272727272727273
43,1038,3.272727272727273
1359,2341,3.272727272727273
2504,3409,3.272331154684096
1041,2043,3.2721518987341773
3168,468,3.2714285714285714
1152,2143,3.2704225352112677
3472,764,3.27027027027027
1555,252,3.2697547683923704
2674,3568,3.269230769230769
392,1385,3.2689804772234274
1984,292,3.2687585266030013
13,1010,3.268595041322314
998,2003,3.268041237113402
1397,2376,3.267692307692308
835,1858,3.2674418604651163
2726,3617,3.2673031026252985
2671,3565,3.267148014440433
2957,383,3.2666666666666666
2443,3351,3.2666666666666666
552,1552,3.2662473794549265
2226,3144,3.2653061224489797
1116,2110,3.2643051771117166
304,13,3.2626262626262625
1823,2770,3.2620320855614975
2993,3863,3.2613981762917934
2728,3619,3.260869565217391
3673,967,3.260869565217391
2937,381,3.2606635071090047
3484,78,3.26
2509,3414,3.26
133,1130,3.25974025974026
2933,3806,3.2586206896551726
1919,2860,3.2578125
1935,2875,3.2577319587628866
2880,3759,3.257142857142857
1641,2600,3.2560975609756095
3067,3930,3.2556053811659194
424,1416,3.25531914893617
2305,3219,3.2550335570469797
997,2002,3.254364089775561
2800,3686,3.2542372881355934
708,1711,3.2531847133757963
1358,2340,3.252906976744186
1761,2714,3.2528735632183907
21,1018,3.252032520325203
3525,823,3.25
3523,820,3.25
1184,2172,3.25
1959,2897,3.25
3383,67,3.25
2910,3786,3.25
2470,3378,3.25
1349,2332,3.25
2074,3003,3.25
2898,3775,3.25
650,1652,3.25
3476,769,3.25
365,136,3.25
3405,696,3.25
2404,3314,3.25
3627,925,3.25
559,1561,3.25
1891,2831,3.25
1483,2453,3.25
435,1428,3.25
1167,2157,3.25
823,1846,3.25
475,1472,3.25
1439,2413,3.2483069977426635
2291,3206,3.2481203007518795
1675,2634,3.247311827956989
28,1024,3.246031746031746
2881,376,3.2457142857142856
3662,957,3.2432432432432434
2122,3049,3.2432432432432434
2148,3073,3.242424242424242
2865,3744,3.2422802850356294
1008,2012,3.2421602787456445
3292,580,3.2419354838709675
317,1312,3.2413793103448274
1381,2361,3.240506329113924
3261,552,3.2400756143667295
1306,2293,3.24
2184,3106,3.24
24,1020,3.239795918367347
1870,2812,3.239130434782609
876,1895,3.238562091503268
2175,3099,3.238095238095238
848,187,3.238095238095238
2908,3784,3.2363636363636363
3273,563,3.235294117647059
54,105,3.2325581395348837
2207,3127,3.232142857142857
2995,3865,3.2312925170068025
1820,2768,3.230769230769231
2830,3712,3.23013698630137
2108,3036,3.2298850574712645
1554,2519,3.2291666666666665
722,1727,3.2285714285714286
1608,257,3.2280701754385963
1117,2111,3.2275641025641026
529,1529,3.225806451612903
3366,653,3.2254901960784315
2542,3444,3.225225225225225
2818,3701,3.2242063492063493
3152,453,3.2238805970149254
1348,2331,3.223463687150838
1878,282,3.2232558139534886
3488,783,3.223076923076923
1489,2459,3.222672064777328
3480,775,3.2222222222222223
1579,2541,3.221824686940966
3555,852,3.221138211382114
859,188,3.221052631578947
1821,2769,3.220779220779221
2598,3496,3.2203389830508473
2723,3614,3.2195571955719555
2642,3535,3.219047619047619
2187,3109,3.21875
889,1906,3.21875
1807,2756,3.21875
1799,2749,3.218390804597701
19,1016,3.217948717948718
2724,3615,3.217391304347826
3281,570,3.217391304347826
1189,2177,3.216867469879518
3199,496,3.2162162162162162
1710,2666,3.2142857142857144
654,1656,3.2142857142857144
581,1585,3.2142857142857144
238,124,3.2142857142857144
3314,60,3.212885154061625
34,103,3.212121212121212
2829,3711,3.212121212121212
3350,638,3.210526315789474
2770,3659,3.210526315789474
2695,359,3.210526315789474
3475,767,3.2083333333333335
1838,2784,3.2063492063492065
1354,2337,3.2063492063492065
121,1119,3.2058823529411766
2359,3272,3.2046783625730995
3167,467,3.2037037037037037
2355,3269,3.20335429769392
1965,2901,3.203030303030303
1445,2419,3.2028985507246377
1680,2639,3.2024539877300615
744,1753,3.202020202020202
1605,2567,3.2019867549668874
407,1399,3.201923076923077
1143,2135,3.2016806722689077
731,1735,3.2015209125475286
992,2,3.20114122681883
1759,2712,3.201058201058201
1942,2881,3.2010178117048347
880,1899,3.2
1681,264,3.2
1062,2062,3.2
2058,2990,3.2
851,1872,3.2
2292,3207,3.2
2813,3698,3.1986301369863015
398,1390,3.1983471074380163
2397,3308,3.197278911564626
481,1479,3.197158081705151
2219,3138,3.196969696969697
1091,2089,3.196652719665272
2733,3623,3.1957349581111956
2522,3426,3.1953488372093024
799,1821,3.1943127962085307
2543,3445,3.194244604316547
660,1661,3.1931818181818183
1259,2249,3.192468619246862
1325,231,3.1924242424242424
1689,2647,3.1923076923076925
901,1917,3.191891891891892
2254,317,3.1918876755070205
2748,3638,3.191717791411043
3027,3894,3.1904761904761907
406,1398,3.1904761904761907
3231,525,3.1904761904761907
1717,2672,3.1892583120204603
138,1135,3.189189189189189
2349,3263,3.188905547226387
2304,3218,3.1875
2990,3860,3.1875
2620,3515,3.1875
2574,3474,3.1875
911,1926,3.1875
2944,3817,3.1875
11,1009,3.185567010309278
372,1366,3.185185185185185
350,1346,3.1839080459770117
1170,216,3.183098591549296
1834,2780,3.182926829268293
1822,277,3.1823529411764704
1045,2047,3.1818181818181817
1203,219,3.1818181818181817
3642,939,3.1818181818181817
671,1671,3.1818181818181817
2301,3215,3.1818181818181817
1902,2844,3.180722891566265
335,1331,3.18
1423,24,3.1794871794871793
2827,371,3.1792452830188678
2647,354,3.1791044776119404
3404,695,3.1777777777777776
1010,2014,3.1777777777777776
1434,2409,3.1775280898876406
1755,2709,3.1767241379310347
1592,2554,3.176470588235294
2220,3139,3.176470588235294
3222,517,3.175392670157068
321,1317,3.175
1835,2781,3.1746031746031744
2569,347,3.1739130434782608
1702,2659,3.1739130434782608
3445,736,3.1738738738738737
1260,225,3.173228346456693
903,1919,3.1724137931034484
656,1658,3.1724137931034484
1161,2151,3.171875
773,1792,3.171875
2687,358,3.1702127659574466
2760,3649,3.169491525423729
1131,2124,3.169467787114846
2761,365,3.1690140845070425
1643,2605,3.168597168597169
1621,2581,3.168269230769231
2331,3247,3.1681681681681684
2996,3866,3.1666666666666665
3679,972,3.1666666666666665
3511,806,3.1666666666666665
578,1582,3.1666666666666665
855,1876,3.166480446927374
2821,3704,3.1662049861495847
409,140,3.1654676258992804
1030,2033,3.165
1683,2641,3.1643026004728134
3243,536,3.1636363636363636
2194,3115,3.1636363636363636
1430,2405,3.163447251114413
31,1027,3.1627906976744184
3515,81,3.1626506024096384
2619,3514,3.161290322580645
497,1496,3.16
2987,3858,3.1594202898550723
2087,3016,3.1588366890380315
1885,2826,3.1586666666666665
458,1454,3.158536585365854
3409,70,3.1564551422319473
1274,2262,3.1564417177914113
3041,3906,3.15625
3460,753,3.15625
687,1686,3.1559633027522938
2634,3528,3.155763239875389
690,1689,3.1547619047619047
2838,372,3.1542056074766354
2514,3419,3.1538461538461537
1191,2179,3.1538461538461537
68,1063,3.1538461538461537
1920,2861,3.152542372881356
3455,748,3.1510791366906474
3150,451,3.150943396226415
2240,3157,3.15
1442,2416,3.1497175141242937
2537,344,3.1488250652741514
1144,2136,3.1486486486486487
74,107,3.1484375
478,1475,3.1481481481481484
700,170,3.146417445482866
1104,210,3.1463414634146343
1694,2651,3.1463414634146343
1556,2520,3.1452513966480447
1261,2250,3.1451612903225805
2975,3846,3.1449275362318843
411,1404,3.1447368421052633
1101,2098,3.1447368421052633
1940,288,3.144285714285714
797,182,3.142857142857143
573,1575,3.142857142857143
488,1486,3.142857142857143
1756,271,3.142857142857143
2112,304,3.142857142857143
2551,3452,3.1419939577039275
1732,2688,3.141823444283647
902,1918,3.14050822122571
2631,3525,3.138888888888889
755,1769,3.1379310344827585
499,1498,3.1374045801526718
1459,2431,3.1371308016877637
1460,2432,3.136986301369863
377,1371,3.1363636363636362
2832,3714,3.1363636363636362
2870,3749,3.1363636363636362
338,1334,3.136094674556213
1721,2676,3.1353383458646618
2333,3249,3.135294117647059
1739,2694,3.1352718078381794
3298,586,3.1348148148148147
2023,2956,3.1347517730496453
1330,2314,3.1346153846153846
2625,352,3.134453781512605
1341,2325,3.134453781512605
676,1676,3.1332760103181427
2938,3810,3.1325301204819276
1070,207,3.132420091324201
3275,565,3.1311475409836067
1765,2718,3.1305483028720626
2437,3345,3.130434782608696
1086,2084,3.129032258064516
1192,218,3.128205128205128
2492,3399,3.1264367816091956
2257,3173,3.1262939958592133
3537,835,3.1262135922330097
2629,3523,3.125
3037,3902,3.125
3574,874,3.125
2124,3050,3.125
1351,2334,3.1243523316062176
3491,786,3.123913043478261
3118,422,3.1228070175438596
1772,2724,3.12
1723,2678,3.12
3218,513,3.1194029850746268
1510,2478,3.117750439367311
3017,3885,3.1153846153846154
2176,31,3.1134751773049647
1599,2560,3.111111111111111
3052,3917,3.111111111111111
1458,2430,3.111111111111111
2365,328,3.111111111111111
3700,993,3.111111111111111
1155,2146,3.1107954545454546
729,1733,3.1097560975609757
461,1457,3.1090225563909772
1097,2094,3.108695652173913
3119,423,3.1085972850678734
3159,46,3.108433734939759
2361,3274,3.1073059360730593
2036,297,3.107142857142857
2409,3319,3.107142857142857
1310,2297,3.1070422535211266
1336,2320,3.106951871657754
877,1896,3.106382978723404
1622,2582,3.106060606060606
3216,511,3.1052631578947367
1032,2035,3.1052631578947367
2991,3861,3.103734439834025
1275,2263,3.1028571428571428
2977,3848,3.1
540,1541,3.1
2587,3486,3.1
2992,3862,3.1
885,1902,3.1
2009,2942,3.0994475138121547
3506,801,3.0991735537190084
3401,691,3.0991735537190084
449,1442,3.0985915492957745
2713,3605,3.0980392156862746
2904,3780,3.097560975609756
1652,2613,3.096085409252669
3542,84,3.0952380952380953
3570,869,3.0952380952380953
443,1437,3.0952380952380953
2399,331,3.0952380952380953
2006,294,3.0952380952380953
615,1616,3.0936708860759494
2118,3045,3.093220338983051
1257,2247,3.0931506849315067
2350,3264,3.091796875
675,1675,3.090909090909091
1235,2221,3.090909090909091
142,114,3.090909090909091
1701,2658,3.090909090909091
844,1866,3.0899470899470898
8,1006,3.08974358974359
1859,2802,3.088235294117647
2999,3869,3.0881670533642693
3417,707,3.0872727272727274
3433,724,3.0865384615384617
358,1353,3.0851063829787235
3131,434,3.0845481049562684
2824,3707,3.0843881856540083
834,1857,3.0833333333333335
584,1588,3.083044982698962
3122,426,3.0817843866171004
1108,2103,3.081081081081081
1463,2435,3.080808080808081
1819,2767,3.08
1577,254,3.0789473684210527
35,1030,3.0773993808049536
3244,537,3.077294685990338
688,1687,3.077151335311573
124,1121,3.076923076923077
505,1502,3.076923076923077
2753,3642,3.076923076923077
626,1627,3.076
1179,2168,3.0759493670886076
1665,2625,3.0757575757575757
1707,2663,3.0754716981132075
3590,89,3.074235807860262
175,118,3.073529411764706
1750,2704,3.073170731707317
1444,2418,3.0727272727272728
2043,2976,3.0718132854578095
2844,3725,3.0714285714285716
353,1349,3.0714285714285716
1748,2702,3.070886075949367
2688,3580,3.0689655172413794
489,1487,3.067901234567901
3258,55,3.066666666666667
2916,3791,3.066666666666667
2720,3611,3.066666666666667
2641,3534,3.0653465346534654
314,131,3.0625
2,100,3.0625
1552,2517,3.062271062271062
187,1191,3.062200956937799
1476,2447,3.0601503759398496
959,197,3.0588235294117645
2181,3103,3.0588235294117645
833,1856,3.0555555555555554
1027,203,3.0541871921182264
639,1642,3.054054054054054
416,1409,3.0535714285714284
2599,3497,3.0520833333333335
3081,3943,3.0520833333333335
582,1586,3.0520646319569122
1518,2485,3.051219512195122
3,1000,3.05
1924,2865,3.05
1881,2822,3.049429657794677
3239,532,3.0488431876606685
2223,3141,3.0483870967741935
373,1367,3.0467032967032965
514,1513,3.0463576158940397
429,1421,3.0454545454545454
1857,2800,3.0454545454545454
824,1848,3.0451977401129944
2577,3477,3.044280442804428
783,1801,3.0434782608695654
709,1713,3.0432900432900434
1630,2590,3.0416666666666665
3419,709,3.0416666666666665
1570,2533,3.041036717062635
964,1974,3.0410094637223977
412,1405,3.04
1839,2785,3.04
1470,2441,3.0384615384615383
2668,3562,3.0384615384615383
1600,2561,3.0381679389312977
1745,270,3.037974683544304
323,1320,3.037837837837838
2638,3531,3.037037037037037
543,1544,3.036653386454183
2042,2975,3.036036036036036
3071,3934,3.0357142857142856
784,1804,3.033613445378151
1825,2772,3.032520325203252
1676,2635,3.032258064516129
1578,2540,3.032051282051282
1757,2710,3.0315278900565885
467,1463,3.0294117647058822
1028,2031,3.027027027027027
430,1422,3.0249110320284696
2837,3719,3.022222222222222
831,1854,3.0208333333333335
3103,409,3.020408163265306
1560,2524,3.018796992481203
627,1629,3.018348623853211
2590,3489,3.018005540166205
2127,3053,3.0175953079178885
1637,2598,3.016885553470919
3259,550,3.0168539325842696
2068,3,3.01673640167364
1791,2741,3.0163934426229506
1263,2252,3.0161290322580645
3388,674,3.0155440414507773
2200,3120,3.0153846153846153
3503,8,3.014705882352941
1937,2877,3.014218009478673
2584,3483,3.011904761904762
2909,3785,3.0114192495921697
3704,998,3.010752688172043
1654,2615,3.0105820105820107
1771,2723,3.0105509964830013
1209,2195,3.0074074074074075
3203,5,3.0067567567567566
810,1833,3.003787878787879
1743,2699,3.0029261155815656
904,192,3.0
2701,3595,3.0
3496,790,3.0
805,1829,3.0
891,1908,3.0
3471,763,3.0
3481,776,3.0
2693,3587,3.0
2971,3842,3.0
3005,3874,3.0
3573,872,3.0
3519,814,3.0
3494,789,3.0
2649,3542,3.0
2902,3779,3.0
820,1843,3.0
3435,726,3.0
1229,2214,3.0
2556,3458,3.0
3512,807,3.0
1269,2258,3.0
916,1930,3.0
3463,756,3.0
3023,3890,3.0
796,1817,3.0
3019,3887,3.0
2869,3748,3.0
3018,3886,3.0
2763,3652,3.0
375,137,3.0
2583,3482,3.0
2730,3620,3.0
3443,734,3.0
2873,3752,3.0
1237,2226,3.0
3569,868,3.0
3528,827,3.0
521,152,3.0
137,1134,3.0
2377,3290,3.0
555,1555,3.0
1479,245,3.0
3377,664,3.0
2427,3336,3.0
1632,2592,3.0
2188,311,3.0
574,1579,3.0
1658,2619,3.0
3397,687,3.0
711,1715,3.0
3584,884,3.0
2374,3288,3.0
2387,33,3.0
3316,601,3.0
719,1724,3.0
3294,582,3.0
1729,2685,3.0
46,1040,3.0
753,1764,3.0
334,1330,3.0
1749,2703,3.0
3287,576,3.0
3283,572,3.0
2414,3323,3.0
3268,559,3.0
3097,402,3.0
3315,600,3.0
563,1565,3.0
1624,2584,3.0
3318,603,3.0
3369,657,3.0
1957,2895,3.0
3370,658,3.0
3337,623,3.0
1918,286,3.0
2272,3187,3.0
3324,61,3.0
2269,3184,3.0
2473,3380,3.0
115,1113,3.0
2318,3235,3.0
3096,401,3.0
1342,2326,3.0
2217,3136,3.0
75,1070,3.0
754,1767,3.0
3072,3935,3.0
1594,2556,3.0
1889,283,3.0
1602,2563,3.0
1399,2378,2.997578692493947
3493,788,2.9957805907172994
868,1888,2.994832041343669
1060,2060,2.9945355191256833
1843,2789,2.993939393939394
2555,3457,2.99290780141844
3140,442,2.9921875
1013,2017,2.9876543209876543
2852,3732,2.9859154929577465
3375,662,2.984375
1332,2316,2.983050847457627
1542,2507,2.9814814814814814
2825,3708,2.9812734082397006
132,113,2.981132075471698
575,158,2.9806949806949805
1847,2792,2.9802867383512543
2710,3602,2.979591836734694
3509,804,2.9785407725321886
1504,2472,2.978494623655914
9,1007,2.978448275862069
383,1377,2.9767216294859358
3181,48,2.9764397905759163
2101,303,2.9760765550239237
712,1717,2.975824175824176
3447,74,2.975
2835,3717,2.9743150684931505
1098,2095,2.9734513274336285
369,1363,2.9732142857142856
1390,237,2.972762645914397
2547,3449,2.9705882352941178
2348,3262,2.9693251533742333
2785,3672,2.967948717948718
1393,2372,2.966386554621849
2883,3761,2.9642857142857144
3288,577,2.963636363636364
1453,2426,2.962962962962963
772,1791,2.9622641509433962
1803,2752,2.962162162162162
360,1355,2.961038961038961
1627,2587,2.9607843137254903
1548,2513,2.960655737704918
795,1816,2.9603960396039604
1626,2586,2.96
2976,3847,2.96
692,1690,2.958921694480103
3169,469,2.9565217391304346
1888,2829,2.9554140127388533
3209,504,2.955056179775281
1389,2369,2.954761904761905
3532,830,2.952542372881356
2125,3051,2.950310559006211
680,168,2.9502762430939224
1851,2796,2.95
1736,2691,2.95
2524,3428,2.9491525423728815
158,1163,2.9473684210526314
818,1841,2.9473684210526314
1279,2267,2.945945945945946
1443,2417,2.945945945945946
1398,2377,2.9453551912568305
1038,2040,2.9453125
1567,2530,2.9452054794520546
3580,88,2.9427083333333335
3586,886,2.9423076923076925
5,1003,2.9421487603305785
1127,2120,2.9421487603305785
1268,2257,2.9411764705882355
1584,2546,2.940828402366864
3074,3937,2.9407407407407407
2593,3491,2.9393939393939394
330,1327,2.9380281690140846
703,1703,2.935483870967742
1744,27,2.9344262295081966
2947,382,2.9338235294117645
1053,2054,2.9330143540669855
1338,2322,2.9310344827586206
3226,520,2.93048128342246
1395,2374,2.930327868852459
3279,569,2.93
895,1911,2.9297912713472485
1826,2773,2.9285714285714284
766,1783,2.9272727272727272
1352,2335,2.926190476190476
1356,2339,2.925925925925926
602,1603,2.925287356321839
1029,2032,2.925
130,1128,2.9235294117647057
3060,3924,2.923076923076923
2980,3850,2.923076923076923
3461,754,2.923076923076923
3276,566,2.923076923076923
1849,2794,2.9220779220779223
1695,2652,2.9215686274509802
1037,204,2.9211822660098523
1516,2483,2.92
2519,3423,2.918918918918919
2085,3014,2.9183673469387754
1295,2283,2.918032786885246
2651,3544,2.917525773195876
57,1053,2.914285714285714
1786,2737,2.9130434782608696
1512,248,2.9130434782608696
3101,407,2.911917098445596
336,1332,2.911764705882353
2044,2977,2.911111111111111
1073,2072,2.910891089108911
875,1894,2.910828025477707
385,1379,2.907859078590786
3529,828,2.9074074074074074
3105,410,2.9071274298056156
3297,585,2.9066985645933014
3048,3913,2.90625
3702,996,2.90625
1764,2717,2.9061946902654867
2239,3156,2.906005221932115
1929,287,2.9047619047619047
346,1342,2.904580152671756
1035,2038,2.904040404040404
1841,2787,2.9012345679012346
399,1391,2.9003724394785846
612,1613,2.9
2968,384,2.9
177,1181,2.9
3693,987,2.9
1898,2840,2.899761336515513
2816,370,2.8980582524271843
1784,2735,2.89760348583878
1778,273,2.8975409836065573
2665,3557,2.896551724137931
1375,2356,2.8958333333333335
69,1064,2.8947368421052633
161,1167,2.893617021276596
2903,378,2.892857142857143
786,1806,2.892857142857143
1911,2853,2.892857142857143
1396,2375,2.8923444976076556
2084,3013,2.8923076923076922
2914,379,2.889908256880734
464,146,2.888888888888889
3365,652,2.888888888888889
442,1436,2.888888888888889
1824,2771,2.888888888888889
2210,313,2.888888888888889
2965,3837,2.8876404494382024
1084,2082,2.886426592797784
1157,2148,2.8855421686746987
2339,3254,2.884526558891455
1539,2504,2.883977900552486
2472,338,2.8823529411764706
649,1651,2.8823529411764706
1955,2893,2.880952380952381
2958,3830,2.88
3255,547,2.879032258064516
644,1647,2.8777777777777778
3654,95,2.876175548589342
2447,3355,2.8758389261744965
1436,2410,2.8753117206982544
1412,239,2.875
1222,2207,2.875
1770,2722,2.8729096989966556
1278,2266,2.871794871794872
1688,2646,2.871794871794872
3217,512,2.8715083798882683
116,1114,2.870967741935484
3221,516,2.870967741935484
2623,3518,2.8703703703703702
826,185,2.869947275922671
1130,2123,2.869767441860465
599,1600,2.869047619047619
1051,2052,2.8688524590163933
3115,42,2.8687782805429864
1862,2805,2.8683035714285716
2812,3697,2.8678071539657854
572,1574,2.8666666666666667
418,1410,2.8666666666666667
590,1593,2.8641975308641974
1540,2505,2.863970588235294
3429,719,2.8619246861924688
2093,3021,2.861111111111111
1425,2400,2.86046511627907
2772,3660,2.859872611464968
2342,3257,2.8594249201277955
2696,3590,2.8588235294117648
490,1488,2.857638888888889
1313,23,2.857142857142857
657,1659,2.857142857142857
3343,630,2.857142857142857
3576,876,2.857142857142857
82,108,2.857142857142857
1525,2492,2.856115107913669
3342,63,2.855855855855856
2417,3326,2.8555555555555556
3467,76,2.853932584269663
1096,2093,2.851449275362319
3440,731,2.851063829787234
357,1352,2.851063829787234
1343,2327,2.85
1344,2328,2.8497109826589595
1094,2091,2.849462365591398
345,1341,2.849056603773585
1382,2362,2.849056603773585
1572,2535,2.8487394957983194
2613,3509,2.847826086956522
2887,3765,2.847826086956522
577,1581,2.847457627118644
827,1850,2.8461538461538463
1204,2190,2.8461538461538463
2045,2978,2.8446601941747574
1569,2532,2.8435754189944134
1629,259,2.843137254901961
49,1043,2.8425925925925926
937,195,2.841463414634146
1809,2758,2.838709677419355
2488,3395,2.8363636363636364
1530,2497,2.835294117647059
1583,2545,2.8333333333333335
1642,2602,2.8333333333333335
1568,2531,2.8333333333333335
2901,3778,2.8333333333333335
551,1551,2.8333333333333335
1679,2638,2.8333333333333335
462,1458,2.8333333333333335
3009,3878,2.8333333333333335
1054,2055,2.8333333333333335
3441,732,2.8333333333333335
3158,459,2.832167832167832
1151,2142,2.8308457711442787
1456,2429,2.827777777777778
3579,879,2.827004219409283
2708,3600,2.8264462809917354
1427,2402,2.825436408977556
476,1473,2.825
2962,3834,2.8238636363636362
948,196,2.8236363636363637
2878,3757,2.823529411764706
3286,575,2.822429906542056
2925,38,2.8214285714285716
1923,2864,2.8214285714285716
2771,366,2.8207171314741037
2896,3773,2.818713450292398
643,1646,2.8181818181818183
538,1539,2.8181818181818183
2027,2961,2.817857142857143
444,1438,2.8161993769470404
1802,2751,2.814814814814815
1401,238,2.8125
3188,486,2.8125
354,135,2.81203007518797
905,1920,2.8104395604395602
105,1100,2.807142857142857
2432,3340,2.8028169014084505
3053,3918,2.802395209580838
1205,2191,2.8
3055,392,2.8
1441,2415,2.8
3687,980,2.8
3006,3875,2.8
1907,2849,2.8
2438,3346,2.8
1474,2445,2.7972972972972974
3180,479,2.7969924812030076
1943,2882,2.7966101694915255
1272,2260,2.795918367346939
3166,466,2.7958115183246073
2932,3805,2.7941176470588234
94,1091,2.7935656836461127
3130,433,2.7916666666666665
3434,725,2.791208791208791
1369,2350,2.789473684210526
2533,3436,2.7890625
3469,761,2.7886178861788617
3035,3900,2.787878787878788
3137,44,2.787781350482315
2689,3581,2.7857142857142856
1164,2154,2.7857142857142856
3010,3879,2.7847222222222223
482,148,2.782608695652174
3164,464,2.7824074074074074
1949,2888,2.7815126050420167
2498,3403,2.78125
1373,2354,2.780141843971631
389,1382,2.779527559055118
861,1881,2.7794117647058822
666,1667,2.7787610619469025
1914,2856,2.7777777777777777
1543,2509,2.7777777777777777
1582,2544,2.7777777777777777
1455,2428,2.7777777777777777
2746,3636,2.7777777777777777
2564,3465,2.7777777777777777
579,1583,2.7777777777777777
1384,2364,2.7768595041322315
3323,609,2.7761194029850746
1251,2241,2.7751937984496124
2557,3459,2.774193548387097
1699,2656,2.774193548387097
1409,2387,2.774193548387097
721,1726,2.7737226277372264
1031,2034,2.772881355932203
459,1455,2.772727272727273
1385,2365,2.7720588235294117
1499,2468,2.770053475935829
439,1432,2.77
25,1021,2.769230769230769
2661,3553,2.768292682926829
2406,3316,2.7681660899653977
218,122,2.768041237113402
425,1417,2.7674418604651163
2690,3584,2.7674418604651163
447,1440,2.765432098765432
1201,2188,2.7644787644787643
737,1746,2.7636363636363637
2415,3324,2.763157894736842
837,186,2.7630331753554502
2228,3146,2.762987012987013
1696,2653,2.761904761904762
2293,3208,2.7613636363636362
2953,3825,2.7611940298507465
485,1483,2.7588652482269502
2017,295,2.7586206896551726
2879,3758,2.7583333333333333
1693,2650,2.757575757575758
1387,2367,2.7572815533980584
677,1677,2.7567567567567566
3202,499,2.7551020408163267
2970,3841,2.7549019607843137
1848,2793,2.7547169811320753
603,1604,2.753846153846154
974,1983,2.753846153846154
2343,3258,2.752212389380531
3456,749,2.75
3302,59,2.75
553,1553,2.75
866,1886,2.75
2648,3540,2.75
1663,2623,2.75
3688,981,2.75
1669,2629,2.75
1833,278,2.75
2752,3641,2.75
2413,3322,2.75
2026,2960,2.75
1884,2825,2.75
379,1373,2.7487765089722673
991,1999,2.748031496062992
607,1609,2.7454545454545456
1133,2126,2.7454545454545456
3000,387,2.7450980392156863
1960,2898,2.7450980392156863
1596,2558,2.74468085106383
3201,498,2.74468085106383
3163,463,2.74468085106383
1524,2491,2.739130434782609
1281,2269,2.737327188940092
59,1055,2.736842105263158
752,1762,2.73568281938326
2802,3688,2.734513274336283
1628,2589,2.734375
3240,533,2.7339901477832513
756,177,2.7338129496402876
3031,3898,2.7333333333333334
3015,3883,2.7333333333333334
2360,3273,2.733102253032929
567,157,2.732620320855615
2388,330,2.7315436241610738
1128,2121,2.730612244897959
3489,784,2.72987012987013
2703,3597,2.72972972972973
3094,4,2.7294117647058824
2373,3287,2.7286821705426356
1714,267,2.7285714285714286
2585,3484,2.728476821192053
842,1864,2.727272727272727
2906,3782,2.727272727272727
2195,3116,2.727272727272727
14,1011,2.725925925925926
1644,2606,2.7246376811594204
2479,3387,2.722543352601156
623,1624,2.72
600,1601,2.72
2137,3063,2.7194244604316546
2480,3388,2.7181208053691277
1290,2279,2.7168141592920354
1270,2259,2.716417910447761
1908,2850,2.7142857142857144
1256,2246,2.7142857142857144
515,1514,2.7142857142857144
1817,2765,2.7142857142857144
1751,2705,2.7142857142857144
2604,3500,2.711864406779661
3583,882,2.711864406779661
595,1598,2.7117117117117115
1424,240,2.7111111111111112
2481,3389,2.710526315789474
2963,3835,2.707865168539326
3501,798,2.7058823529411766
3173,472,2.7045454545454546
550,1550,2.704225352112676
3267,558,2.7037037037037037
983,1991,2.702928870292887
2371,3285,2.702127659574468
3025,3892,2.7
2808,3693,2.697802197802198
2553,3454,2.697674418604651
1811,276,2.692982456140351
3483,779,2.6923076923076925
1719,2674,2.6923076923076925
2994,3864,2.6923076923076925
1023,2026,2.68944099378882
2312,3225,2.6885245901639343
1112,2107,2.6884422110552766
814,1837,2.6875
3177,476,2.6857142857142855
664,1665,2.685
2451,336,2.6842105263157894
548,1549,2.6842105263157894
1964,2900,2.6832298136645965
1655,2616,2.6826923076923075
1933,2873,2.6818181818181817
3043,3909,2.681159420289855
465,1460,2.6808510638297873
2012,2945,2.6785714285714284
3426,716,2.6785714285714284
2535,3438,2.6779026217228465
1806,2755,2.6774193548387095
1448,2421,2.6771488469601676
1180,2169,2.6769230769230767
1002,2007,2.6769230769230767
3353,640,2.676056338028169
736,1744,2.675324675324675
3250,542,2.674757281553398
1282,227,2.6744186046511627
2487,3394,2.6714285714285713
2528,3431,2.6705882352941175
1039,2041,2.668965517241379
1613,2574,2.6683417085427137
1422,2399,2.6681614349775784
196,120,2.6666666666666665
802,1825,2.6666666666666665
2426,3335,2.6666666666666665
332,1329,2.6666666666666665
1928,2869,2.6666666666666665
1880,2821,2.6666666666666665
2177,310,2.6666666666666665
3329,614,2.6666666666666665
1678,2637,2.6666666666666665
2444,3352,2.6666666666666665
532,1532,2.6666666666666665
3690,984,2.6666666666666665
2759,3648,2.6666666666666665
2741,3631,2.6666666666666665
2465,3373,2.6666666666666665
2986,3857,2.6666666666666665
762,1779,2.6635859519408505
6,1004,2.6633663366336635
1012,2016,2.6605504587155964
42,1037,2.6601626016260163
604,1605,2.659090909090909
3599,9,2.656862745098039
1845,2790,2.6557377049180326
3109,414,2.6555555555555554
743,1752,2.6553398058252426
3186,484,2.6551724137931036
3538,836,2.654008438818565
2232,315,2.65359477124183
3133,436,2.652482269503546
2363,3276,2.652173913043478
1411,2389,2.6515151515151514
1598,256,2.6513761467889907
1936,2876,2.6511627906976742
3036,3901,2.650943396226415
2684,3577,2.65
661,1662,2.65
1790,2740,2.6470588235294117
2592,3490,2.6470588235294117
1481,2451,2.646017699115044
3403,694,2.645390070921986
1437,2411,2.6453333333333333
3252,544,2.643410852713178
3162,462,2.642857142857143
530,153,2.642213642213642
960,1970,2.6417910447761193
2949,3821,2.6411290322580645
2886,3764,2.6408163265306124
758,1771,2.6382978723404253
3057,3921,2.6382978723404253
2967,3839,2.6382978723404253
1005,201,2.6363636363636362
909,1924,2.6345381526104417
2972,3843,2.6333333333333333
1863,2806,2.6331658291457285
1040,2042,2.6321243523316062
3473,765,2.6315789473684212
524,1523,2.6315789473684212
1322,2307,2.6315789473684212
641,1644,2.6315789473684212
1081,208,2.6313364055299537
1557,2521,2.630952380952381
2192,3113,2.629432624113475
1503,2471,2.6280193236714977
1181,217,2.625
1495,2464,2.625
1872,2814,2.625
1333,2317,2.625
3135,438,2.625
1956,2894,2.625
3582,881,2.6233766233766236
2249,3165,2.622950819672131
588,1591,2.6210526315789475
1711,2667,2.6206896551724137
3387,673,2.619893428063943
2966,3838,2.619047619047619
3351,639,2.6153846153846154
3263,554,2.6153846153846154
3106,411,2.6153846153846154
2356,327,2.6145251396648046
3189,487,2.6129032258064515
504,1501,2.611111111111111
3143,445,2.61
1636,2597,2.609375
1266,2255,2.607594936708861
1174,2163,2.6067961165048543
3132,435,2.6060037523452158
3495,79,2.6052631578947367
2261,3177,2.6011904761904763
3499,793,2.6
1168,2158,2.6
1724,2679,2.6
2989,386,2.6
1646,2608,2.6
2436,3344,2.6
1837,2783,2.6
3120,424,2.6
1534,250,2.6
2466,3374,2.6
3699,992,2.6
665,1666,2.6
2864,3743,2.5974025974025974
1535,2500,2.596638655462185
2787,3674,2.595744680851064
2446,3354,2.5952080706179066
1090,2088,2.59447983014862
1873,2815,2.5940959409594098
3334,619,2.59375
1597,2559,2.5925925925925926
2616,3511,2.590909090909091
1276,2264,2.5903614457831323
3058,3922,2.58974358974359
3154,455,2.5894736842105264
3545,842,2.589403973509934
395,1388,2.5891891891891894
2905,3781,2.586206896551724
808,1831,2.5847076461769114
1921,2862,2.5842696629213484
2822,3705,2.5842105263157893
2840,3721,2.5833333333333335
3585,885,2.5813953488372094
3129,432,2.579081632653061
3059,3923,2.576923076923077
715,172,2.576419213973799
1407,2385,2.5753424657534247
466,1461,2.574074074074074
3697,990,2.574074074074074
1945,2884,2.5714285714285716
2806,3691,2.5714285714285716
779,1798,2.5714285714285716
3514,809,2.5714285714285716
713,1718,2.5714285714285716
825,1849,2.5714285714285716
3450,743,2.5700934579439254
491,1489,2.5675675675675675
3368,656,2.5641025641025643
1264,2253,2.5636363636363635
2626,3520,2.5625
471,1468,2.5625
3247,54,2.5609756097560976
3521,818,2.560846560846561
3543,840,2.56
516,1515,2.5580110497237567
1050,2051,2.5544554455445545
2811,3696,2.5538461538461537
2477,3385,2.5531914893617023
702,1702,2.552980132450331
3406,697,2.552941176470588
1182,2170,2.5528455284552845
1831,2778,2.5517241379310347
3487,782,2.5517241379310347
1866,2809,2.55
693,1692,2.55
1156,2147,2.54978354978355
747,1756,2.549019607843137
3256,548,2.5474452554744524
438,1431,2.5474137931034484
2410,332,2.546583850931677
2969,3840,2.544642857142857
3349,637,2.5428571428571427
1475,2446,2.5396825396825395
2332,3248,2.5396039603960396
2888,3766,2.5392670157068062
1042,2044,2.5384615384615383
667,1668,2.5384615384615383
1049,2050,2.5384615384615383
2954,3826,2.5382716049382714
993,20,2.5375
1800,275,2.5375
1894,2835,2.5357142857142856
2961,3833,2.5357142857142856
637,1640,2.5357142857142856
2931,3804,2.5348837209302326
1712,2668,2.5347985347985347
1003,2008,2.533333333333333
2702,3596,2.533333333333333
3108,413,2.5306122448979593
2719,3610,2.5294117647058822
1571,2534,2.5294117647058822
1433,2408,2.528957528957529
2088,3017,2.5288461538461537
3449,742,2.528735632183908
433,1426,2.5217391304347827
625,1626,2.5185185185185186
587,1590,2.5180722891566263
2495,3400,2.5172413793103448
3113,418,2.5172413793103448
3234,528,2.514705882352941
999,2004,2.513440860215054
1865,2808,2.512
1298,2286,2.511627906976744
3551,849,2.5107632093933465
3518,813,2.5106382978723403
3187,485,2.508
3116,420,2.5056818181818183
2123,305,2.5039370078740157
2327,3243,2.5017064846416384
1760,2713,2.501187648456057
760,1773,2.5
1305,2292,2.5
856,1877,2.5
3587,887,2.5
3422,711,2.5
547,1548,2.5
3416,706,2.5
67,1062,2.5
2298,3212,2.5
3232,526,2.5
765,1782,2.5
2160,3085,2.5
1016,202,2.5
1882,2823,2.5
512,1510,2.5
1954,2892,2.5
2138,3064,2.5
1063,2063,2.5
145,1145,2.5
2956,3828,2.5
1252,2242,2.5
2381,3294,2.5
1215,2200,2.5
386,138,2.5
2698,3592,2.5
3589,889,2.5
2707,360,2.4960629921259843
2875,3754,2.495145631067961
322,132,2.4945054945054945
3210,505,2.4927536231884058
589,1592,2.4910714285714284
1321,2306,2.488888888888889
2686,3579,2.485294117647059
2060,2992,2.4838709677419355
3145,447,2.4838709677419355
867,1887,2.4833333333333334
2552,3453,2.4831460674157304
1394,2373,2.4814814814814814
881,19,2.480719794344473
3110,415,2.4804469273743015
2075,3004,2.4801587301587302
364,1359,2.4774774774774775
1488,2458,2.476923076923077
2246,3162,2.4761904761904763
3191,489,2.4742268041237114
495,1494,2.473684210526316
3326,611,2.4722222222222223
2736,3626,2.4693877551020407
893,191,2.466666666666667
522,1520,2.466666666666667
526,1526,2.465909090909091
1677,2636,2.4615384615384617
1092,209,2.4615384615384617
185,119,2.4615384615384617
658,166,2.459016393442623
501,15,2.458904109589041
3179,478,2.4583333333333335
2725,3616,2.4565217391304346
3223,518,2.4563758389261743
2833,3715,2.4545454545454546
631,1632,2.45
2563,3464,2.45
1024,2027,2.449612403100775
2334,325,2.4489795918367347
1129,2122,2.4463519313304722
1971,2907,2.4460093896713615
1210,2196,2.4444444444444446
2757,3646,2.4444444444444446
2231,3149,2.4444444444444446
1909,2851,2.443609022556391
1886,2827,2.442073170731707
1782,2733,2.44
2199,312,2.4375
1095,2092,2.4355828220858897
457,1453,2.4324324324324325
759,1772,2.4304347826086956
2945,3818,2.4285714285714284
523,1522,2.4285714285714284
653,1655,2.4285714285714284
871,1890,2.4285714285714284
2526,343,2.4285714285714284
1520,2487,2.4285714285714284
3111,416,2.4269662921348316
965,1975,2.426900584795322
1604,2566,2.425
1619,258,2.423611111111111
987,1995,2.423076923076923
845,1867,2.4210526315789473
1966,2902,2.4207317073170733
2929,3802,2.4177631578947367
1840,2786,2.4166666666666665
994,200,2.4166666666666665
3127,430,2.4166666666666665
3092,397,2.4166666666666665
3021,3889,2.414814814814815
1173,2162,2.4124293785310735
976,1985,2.4108527131782944
1505,2473,2.4093264248704664
3327,612,2.4050632911392404
3215,510,2.4047619047619047
621,1622,2.4
101,1098,2.4
2000,2934,2.4
777,1796,2.4
634,1636,2.4
832,1855,2.3981481481481484
2021,2953,2.3929618768328447
2826,3709,2.3893805309734515
1400,2379,2.3866666666666667
774,1793,2.3846153846153846
1766,2719,2.3823529411764706
1309,2296,2.3819444444444446
2053,2986,2.3813387423935093
2781,3669,2.380281690140845
3125,429,2.379679144385027
2322,3239,2.3783783783783785
3016,3884,2.375
2435,3343,2.375
1789,274,2.375
1267,2256,2.375
7,1005,2.3732394366197185
2834,3716,2.373134328358209
2211,3130,2.3728813559322033
128,1126,2.3722397476340693
3123,427,2.3674698795180724
1331,2315,2.36734693877551
1562,2526,2.366412213740458
1912,2854,2.3636363636363638
195,12,2.3625
3591,891,2.360655737704918
460,1456,2.359375
1558,2522,2.3544303797468356
1491,2460,2.353448275862069
2121,3048,2.352112676056338
2657,355,2.352059925093633
1477,2448,2.3492063492063493
2095,3024,2.347826086956522
445,1439,2.347826086956522
1429,2404,2.3421926910299002
3621,92,2.340909090909091
3028,3895,2.3404255319148937
605,1606,2.3394495412844036
1684,2642,2.336594911937378
477,1474,2.335616438356164
1531,2498,2.3333333333333335
3421,710,2.3333333333333335
319,1315,2.3333333333333335
2927,3800,2.3333333333333335
2018,2950,2.332369942196532
2416,3325,2.33125
978,1987,2.32967032967033
1970,2906,2.328
862,1882,2.3246492985971945
2786,3673,2.3225806451612905
958,1969,2.321167883211679
506,1503,2.317241379310345
2423,3331,2.3142857142857145
847,1869,2.3137254901960786
1486,2456,2.313380281690141
3414,704,2.3095238095238093
1559,2523,2.3095238095238093
733,174,2.308641975308642
725,173,2.3085106382978724
2063,2995,2.30791788856305
2540,3442,2.3076923076923075
1927,2868,2.3015873015873014
1913,2855,2.3
3047,3912,2.3
3142,444,2.2962962962962963
2386,3299,2.2954545454545454
434,1427,2.2941176470588234
2807,3692,2.293103448275862
3530,829,2.2900763358778624
1509,2477,2.2857142857142856
2484,3391,2.28125
3398,688,2.276995305164319
1511,2479,2.272727272727273
1125,2119,2.272108843537415
3274,564,2.2666666666666666
3352,64,2.2658227848101267
1938,2878,2.264705882352941
2529,3432,2.263888888888889
3160,460,2.263157894736842
2531,3434,2.263157894736842
3339,626,2.263157894736842
815,1839,2.260869565217391
3084,3946,2.26
560,1562,2.257425742574257
1052,2053,2.257217847769029
2828,3710,2.254054054054054
1158,2149,2.2524271844660193
3070,3933,2.25
2290,3205,2.25
2403,3313,2.25
1948,2887,2.25
1947,2886,2.242424242424242
961,1971,2.239669421487603
598,160,2.2389380530973453
340,1336,2.2363636363636363
3632,93,2.235955056179775
1561,2525,2.235294117647059
1415,2392,2.234146341463415
3054,3919,2.2298850574712645
1585,2548,2.2285714285714286
1586,2549,2.2285714285714286
1762,2715,2.227272727272727
3320,606,2.225806451612903
3174,473,2.225165562913907
1357,234,2.2244897959183674
3248,540,2.2189349112426036
1033,2036,2.21875
841,1863,2.2183098591549295
1590,2552,2.2162162162162162
3541,839,2.214814814814815
2372,3286,2.2131147540983607
622,1623,2.2109375
3571,87,2.210526315789474
771,179,2.2083333333333335
3588,888,2.2083333333333335
1974,291,2.2083333333333335
3568,867,2.2083333333333335
2773,3661,2.207317073170732
2922,3797,2.206896551724138
1355,2338,2.2033898305084745
3581,880,2.200617283950617
500,1499,2.200501253132832
2265,3180,2.2
3407,698,2.2
3114,419,2.1923076923076925
742,1750,2.1904761904761907
2046,2979,2.189189189189189
3042,3908,2.1847826086956523
3470,762,2.184563758389262
3572,870,2.183673469387755
2900,3777,2.1818181818181817
1978,2914,2.1818181818181817
1740,2695,2.1818181818181817
963,1973,2.181395348837209
3535,833,2.1794871794871793
682,1681,2.1791044776119404
969,1979,2.1785714285714284
967,1977,2.1775147928994083
451,1445,2.173076923076923
2132,3058,2.1666666666666665
155,1160,2.1666666666666665
1768,2720,2.1662198391420913
2890,3768,2.1604938271604937
1747,2701,2.158536585365854
971,1980,2.1538461538461537
1291,228,2.1538461538461537
318,1313,2.1538461538461537
1119,2113,2.151898734177215
2103,3031,2.150943396226415
2276,3190,2.1490683229813663
2530,3433,2.1458333333333335
2486,3393,2.1372549019607843
2321,3238,2.134831460674157
2952,3824,2.128205128205128
2536,3439,2.1274900398406373
977,1986,2.125984251968504
3099,405,2.123152709359606
1449,2422,2.1223776223776225
601,1602,2.116279069767442
1162,2152,2.1159420289855073
2860,374,2.1147540983606556
3402,692,2.1132075471698113
984,1992,2.112781954887218
3333,618,2.111111111111111
3082,3944,2.111111111111111
1606,2568,2.107476635514019
1887,2828,2.1074380165289255
329,1326,2.107142857142857
2496,3401,2.106194690265487
2049,2982,2.1052631578947367
3420,71,2.1041666666666665
1438,2412,2.102189781021898
1457,243,2.1
1480,2450,2.0990783410138247
979,1988,2.0980392156862746
2774,3662,2.097826086956522
1492,2461,2.096774193548387
975,1984,2.0952380952380953
525,1525,2.090909090909091
2889,3767,2.0865384615384617
498,1497,2.0833333333333335
3344,631,2.08
968,1978,2.0789473684210527
3362,65,2.062937062937063
1587,255,2.0606060606060606
1549,2514,2.060344827586207
162,1168,2.0555555555555554
1798,2748,2.051094890510949
1967,2903,2.0510204081632653
915,193,2.0506912442396312
840,1862,2.0505050505050506
1175,2164,2.05
800,1822,2.0476190476190474
3134,437,2.046875
3079,3941,2.0454545454545454
2803,3689,2.0425531914893615
3380,667,2.0425531914893615
2805,3690,2.040983606557377
3068,3931,2.037037037037037
1402,2380,2.0306122448979593
3446,737,2.03
2031,2965,2.0277777777777777
1496,2465,2.0238095238095237
3008,3877,2.021978021978022
691,169,2.017699115044248
3566,865,2.0
2534,3437,2.0
3559,859,2.0
3356,643,2.0
2412,3321,2.0
1232,2218,2.0
3520,815,2.0
1323,2308,2.0
3524,821,2.0
2589,3488,2.0
1361,2343,2.0
3536,834,2.0
1288,2277,2.0
1271,226,2.0
1277,2265,2.0
3357,644,2.0
830,1853,2.0
2405,3315,2.0
3269,56,2.0
710,1714,2.0
706,1709,2.0
3400,690,2.0
1792,2742,2.0
629,1630,2.0
3253,545,2.0
3684,977,2.0
3686,98,2.0
3386,672,2.0
1631,2591,2.0
1830,2777,2.0
3290,579,2.0
3304,591,2.0
2022,2955,2.0
3321,607,2.0
528,1528,2.0
3364,651,2.0
3355,642,2.0
1672,2631,2.0
1615,2576,2.0
2384,3297,2.0
3454,747,2.0
2378,3291,2.0
2801,3687,2.0
2841,3722,2.0
2307,3220,2.0
1517,2484,2.0
857,1878,2.0
846,1868,2.0
136,1133,2.0
1244,2235,2.0
2234,3151,2.0
829,1852,2.0
3451,744,2.0
3007,3876,2.0
798,1820,2.0
794,1815,2.0
120,1118,2.0
111,1107,2.0
107,1102,2.0
1265,2254,2.0
1163,2153,1.9965277777777777
962,1972,1.995
260,126,1.9898989898989898
966,1976,1.979899497487437
2128,3054,1.9779411764705883
2897,3774,1.96875
1408,2386,1.9661016949152543
388,1381,1.9636963696369636
3076,3939,1.9615384615384615
679,1679,1.9583333333333333
1574,2537,1.9411764705882353
3224,519,1.9405940594059405
2485,3392,1.9363057324840764
3207,502,1.935483870967742
1653,2614,1.9318181818181819
1126,212,1.9285714285714286
3075,3938,1.9259259259259258
1853,2798,1.925
2669,3563,1.9230769230769231
2538,3440,1.9202127659574468
3457,75,1.9166666666666667
2779,3667,1.9142857142857144
1403,2381,1.9137931034482758
1468,244,1.9
985,1993,1.8969072164948453
1573,2536,1.8918918918918919
872,1891,1.8888888888888888
1685,2643,1.8885542168674698
705,1707,1.8766233766233766
727,1731,1.875
1243,2234,1.875
3254,546,1.8742857142857143
751,1760,1.8736842105263158
556,1556,1.8719346049046321
1311,2298,1.8666666666666667
1874,2816,1.864864864864865
2775,3663,1.8620689655172413
3549,847,1.8571428571428572
1254,2244,1.8571428571428572
3066,393,1.8571428571428572
2809,3694,1.8548387096774193
396,1389,1.8523809523809525
1551,2516,1.8444444444444446
331,1328,1.84
972,1981,1.8383838383838385
2041,2974,1.835820895522388
1493,2462,1.8333333333333333
1805,2754,1.8333333333333333
988,1996,1.8303571428571428
1214,220,1.8214285714285714
23,102,1.8166666666666667
2810,3695,1.8113207547169812
2948,3820,1.8108108108108107
493,1490,1.8076923076923077
2670,3564,1.8046875
440,1433,1.8
2562,3463,1.8
1550,2515,1.7884615384615385
3080,3942,1.7857142857142858
110,1105,1.7857142857142858
2354,3268,1.782122905027933
1519,2486,1.7777777777777777
990,1998,1.7699115044247788
1404,2382,1.7666666666666666
1698,2655,1.7659574468085106
1864,2807,1.7582417582417582
2572,3472,1.75
592,1595,1.7384615384615385
3171,470,1.736842105263158
3078,3940,1.7333333333333334
2777,3665,1.7307692307692308
2679,3572,1.7272727272727273
2116,3043,1.725
325,1322,1.71875
339,1335,1.7142857142857142
3024,3891,1.7142857142857142
1593,2555,1.701219512195122
2114,3041,1.6986301369863013
1388,2368,1.6896551724137931
982,1990,1.6875
2776,3664,1.6851851851851851
1482,2452,1.6842105263157894
327,1324,1.6818181818181819
3372,66,1.6701030927835052
2072,3001,1.6666666666666667
2198,3119,1.6666666666666667
3032,3899,1.6666666666666667
537,1538,1.6666666666666667
3347,634,1.6666666666666667
2483,3390,1.6666666666666667
2731,3621,1.6666666666666667
2778,3666,1.6666666666666667
2502,3407,1.6666666666666667
2895,3772,1.6666666666666667
1405,2383,1.657718120805369
328,1325,1.6521739130434783
165,1170,1.6470588235294117
596,1599,1.6417910447761195
1875,2817,1.64
2924,3799,1.62
789,181,1.6129032258064515
2699,3593,1.6111111111111112
1876,2818,1.603448275862069
3413,703,1.6
1242,2233,1.6
1854,2799,1.5555555555555556
2115,3042,1.5538461538461539
803,1826,1.55
390,1383,1.5454545454545454
1478,2449,1.53125
3682,975,1.5
888,1905,1.5
2097,3026,1.5
557,1558,1.5
2586,3485,1.5
3373,660,1.5
3083,3945,1.4883720930232558
3516,810,1.4666666666666666
980,1989,1.4666666666666666
2680,3573,1.4615384615384615
326,1323,1.372093023255814
732,1739,1.3617021276595744
2884,3762,1.3333333333333333
496,1495,1.3181818181818181
716,1720,1.2857142857142858
2250,3166,1.1666666666666667
2098,3027,1.1428571428571428
2681,3574,1.0588235294117647
3439,730,1.0
117,1115,1.0
393,1386,1.0
2320,3237,1.0
2294,3209,1.0
3527,826,1.0
2468,3376,1.0
3594,895,1.0
1903,2845,1.0
1036,2039,1.0
3367,655,1.0
143,1142,1.0
3354,641,1.0
2762,3651,1.0
3039,3904,1.0
333,133,1.0
2402,3312,1.0
160,1165,1.0
3395,684,1.0
427,142,1.0
3546,843,1.0
316,1311,1.0
1228,2213,1.0
271,127,1.0
2287,3202,1.0
1231,2217,1.0
2559,3460,1.0
2313,3228,1.0
2595,3493,1.0
2203,3123,1.0
437,1430,1.0
